number_of_rooms,floor,area,price
1,1,58.0,330000
1,14,68.0,340000
3,8,50.0,700000
3,14,84.0,700000
3,3,83.0,415000
3,4,53.0,513000
2,12,67.0,360000
2,4,52.0,397000
2,7,95.0,499000
2,15,73.0,450000
1,16,47.0,395000
2,15,52.0,370000
1,4,50.0,490000
2,11,51.0,430000
2,9,48.0,391000
3,12,98.0,1026000
2,3,55.0,375000
1,7,65.0,229000
3,15,50.0,575000
4,17,122.0,1290000
3,6,78.0,710000
1,7,67.0,275000
3,11,106.0,1112300
4,3,67.0,900000
2,17,70.0,300000
3,10,68.0,473100
3,3,90.0,433200
2,10,50.0,330000
3,11,50.0,910000
3,9,50.0,1020000
2,11,73.0,855000
2,7,79.0,490000
1,12,64.0,355000
2,14,56.0,421000
2,3,53.0,300000
3,2,60.0,550000
1,3,45.0,180000
3,3,80.0,680000
3,2,80.0,780000
2,4,52.0,193000
1,13,42.0,262000
1,9,41.0,117000
2,4,36.0,325000
2,4,52.0,547000
6,4,95.0,990000
2,17,52.0,455000
3,17,70.0,370000
3,14,109.0,570000
1,4,60.0,420000
4,3,75.0,639000
3,5,87.0,550000
4,7,153.0,2093040
2,7,95.0,685000
1,7,66.0,413820
1,5,53.0,332310
3,10,92.0,570000
2,8,80.0,592000
3,7,70.0,57000
2,2,60.0,500000
2,7,55.0,435000
1,7,54.0,201999
2,16,78.0,371000
2,5,60.0,465000
2,9,64.0,200000
3,3,75.0,590000
2,6,71.0,270000
2,1,60.0,521082
2,4,37.0,380000
1,12,64.0,344000
2,3,49.0,173000
2,4,49.0,288000
2,7,43.0,345000
1,6,46.0,280000
2,2,78.0,456000
2,4,49.0,280000
2,5,41.0,252000
2,6,65.0,625000
2,9,88.0,812500
1,2,51.0,470000
3,10,90.0,461700
2,14,82.0,448000
1,14,62.0,340000
3,5,160.0,1058000
2,10,87.0,406000
1,11,57.0,266000
3,10,104.0,640000
3,15,116.0,634700
1,14,57.0,318400
1,12,74.0,430000
1,10,47.0,198200
1,8,47.0,203000
2,13,79.0,480000
2,9,88.0,371000
1,7,61.0,350000
2,7,62.0,367000
1,11,50.0,212000
2,16,71.0,524000
1,8,54.0,196000
1,11,47.0,172000
1,12,68.0,295000
2,9,54.0,233500
2,11,74.0,320000
1,5,47.0,237000
1,5,58.0,350000
2,5,73.0,440000
1,11,65.0,310000
2,14,82.0,610000
3,9,71.0,500000
3,3,76.0,430000
2,3,64.0,583999
1,14,59.0,438000
1,3,33.0,270000
2,2,37.0,300000
2,2,55.0,350000
4,4,209.0,2820000
4,7,86.0,500000
2,13,88.0,465000
2,12,72.0,445000
1,3,40.0,200000
1,3,41.0,245000
2,12,72.0,445000
4,1,150.0,790650
3,3,70.0,500000
2,6,65.0,625000
1,6,44.0,302100
2,14,62.0,285000
3,6,74.0,620000
3,2,52.0,160000
3,9,93.0,470000
2,7,66.0,410000
2,5,67.0,416000
1,5,59.0,366000
2,10,66.0,340000
3,3,106.0,658000
2,2,110.0,1596000
2,10,67.0,755000
1,1,30.0,285000
2,10,64.0,457000
1,3,42.0,300000
1,4,42.0,285000
3,5,75.0,460000
2,13,52.0,364160
2,2,67.0,499000
2,12,95.0,690000
2,11,63.0,445000
3,7,120.0,1220000
3,1,68.0,535000
2,2,55.0,380000
3,6,50.0,450000
3,5,56.0,380000
1,13,40.0,120000
1,6,30.0,170000
4,2,80.0,720000
3,4,68.0,535000
2,1,38.0,250000
1,3,32.0,200000
2,14,60.0,430000
2,12,66.0,500000
2,4,50.0,729600
3,1,62.0,400000
2,12,72.0,490200
3,1,50.0,450000
2,10,53.0,260000
2,8,77.0,328000
2,5,42.0,123000
2,10,80.0,350000
1,1,37.0,181600
3,7,82.0,595000
3,9,50.0,850000
2,14,68.0,799000
2,3,39.0,461000
3,5,75.0,467400
3,11,202.0,1900000
2,7,86.0,353000
3,8,96.0,404000
1,5,75.0,200000
2,11,108.0,925000
3,6,149.0,1800000
2,2,77.0,625000
2,8,60.0,315000
3,14,78.0,470000
3,10,104.0,652000
3,10,183.0,980000
1,4,61.0,399000
2,5,70.0,370000
3,16,105.0,515000
1,4,55.0,282150
2,4,83.0,1200000
2,12,74.0,421000
2,9,85.0,629000
2,16,78.0,372000
4,1,85.0,550000
2,9,88.0,798000
1,3,49.0,379000
3,10,104.0,639000
2,14,80.0,428640
2,16,72.0,400000
2,7,48.0,380000
1,5,66.0,430000
4,4,85.0,695000
2,12,45.0,567000
2,1,71.0,550000
2,4,84.0,650000
2,3,100.0,649000
2,14,71.0,450000
2,13,71.0,590000
2,4,63.0,450000
2,15,68.0,330000
1,13,46.0,260000
3,4,65.0,460000
1,11,42.0,450000
2,2,44.0,240000
1,1,38.0,190000
4,6,120.0,700000
3,4,78.0,305000
1,16,60.0,358000
2,0,65.0,210000
2,9,50.0,750000
3,13,88.0,630000
1,2,50.0,316000
1,8,50.0,267000
3,6,105.0,560000
1,6,63.0,340000
2,3,72.0,420000
1,7,63.0,340000
3,11,106.0,545000
2,9,88.0,475000
1,9,130.0,696000
2,9,118.0,637000
2,6,88.0,449000
1,7,48.0,247000
2,14,85.0,538000
1,7,63.0,376000
2,11,85.0,455000
2,11,97.0,520000
2,10,74.0,354000
2,10,75.0,359000
3,10,112.0,536000
3,14,112.0,740000
3,3,75.0,600000
3,10,128.0,588000
1,8,65.0,295000
3,8,98.0,418000
2,7,42.0,220000
3,4,84.0,745000
2,1,27.0,360000
2,15,73.0,450000
3,10,110.0,530000
2,3,59.0,425000
3,10,105.0,410000
2,1,50.0,250000
2,3,42.0,230000
5,3,90.0,700000
3,2,80.0,437000
2,9,77.0,392000
2,8,68.0,398000
3,13,97.0,705000
1,6,56.0,450000
1,4,42.0,235000
2,3,65.0,570000
1,5,48.0,235000
3,7,130.0,925000
1,6,50.0,254000
3,14,122.0,700000
3,4,65.0,600000
2,3,42.0,420000
3,4,60.0,365000
1,12,59.0,400000
2,1,37.0,150000
3,18,135.0,730000
1,3,25.0,250000
5,11,185.0,1476000
1,8,50.0,218000
1,9,63.0,266500
3,18,126.0,1083000
1,7,42.0,338000
2,1,50.0,390
2,6,60.0,500000
2,8,93.0,435000
2,15,50.0,590000
1,1,16.0,136000
1,2,33.0,210000
2,4,40.0,370000
3,3,72.0,500000
2,8,48.0,350000
2,3,50.0,300000
2,8,76.0,408000
1,13,58.0,299000
2,12,75.0,300000
1,11,48.0,195000
2,7,83.0,350000
1,8,55.0,240000
4,4,134.0,1250000
3,10,102.0,370000
2,14,85.0,385000
1,1,22.0,80000
4,6,157.0,1980000
4,9,177.0,1150150
3,7,90.0,889200
2,16,75.0,370000
3,8,84.0,484000
2,15,85.0,391000
1,4,35.0,342000
3,15,132.0,632000
3,6,90.0,775200
4,11,140.0,845880
2,8,65.0,400000
3,2,114.0,988000
3,1,103.0,967300
4,3,58.0,605000
1,3,35.0,289000
1,2,75.0,649000
1,9,43.0,319200
2,4,80.0,969000
3,2,70.0,646000
2,4,78.0,638000
2,12,86.0,670000
3,12,150.0,720000
3,9,84.0,385000
4,3,235.0,2965000
2,14,95.0,509000
3,16,118.0,578000
2,13,100.0,565440
2,11,70.0,530000
3,7,106.0,387000
1,10,50.0,223000
2,17,82.0,374000
1,4,64.0,250000
1,5,60.0,234000
2,8,85.0,500000
1,8,50.0,285000
2,8,50.0,285000
5,12,163.0,930000
3,16,116.0,595000
3,5,165.0,1037000
3,16,82.0,170900
2,12,45.0,565000
2,5,56.0,400000
2,9,91.0,568000
2,6,85.0,530000
1,15,52.0,330000
2,10,52.0,507000
2,9,68.0,830000
2,12,77.0,455000
2,8,88.0,372000
3,14,120.0,543000
2,15,50.0,295000
1,12,61.0,368000
2,14,76.0,410000
1,10,43.0,152000
1,9,55.0,295000
1,12,57.0,357390
2,12,72.0,240240
2,8,76.0,519840
1,15,50.0,295000
2,8,100.0,684000
3,13,120.0,1504800
3,3,106.0,785460
3,6,106.0,422940
3,15,110.0,1482500
3,8,142.0,971280
3,9,130.0,837000
3,7,97.0,586000
2,11,92.0,575000
3,8,126.0,735000
1,17,63.0,625000
2,18,101.0,585000
3,12,165.0,944000
2,3,63.0,460000
3,16,84.0,415000
1,15,59.0,288000
2,16,84.0,415000
2,17,135.0,395000
2,11,101.0,630000
2,14,100.0,599900
2,5,95.0,1083000
2,2,79.0,367000
2,3,45.0,337000
2,4,48.0,300000
1,10,60.0,351000
1,10,65.0,332000
2,10,52.0,507000
1,11,48.0,285000
2,8,78.0,398000
4,8,90.0,612000
2,12,72.0,229000
2,2,40.0,354000
3,7,86.0,544000
1,12,60.0,229000
2,2,55.0,465000
1,11,42.0,201955
2,8,43.0,221427
2,8,90.0,460192
4,9,160.0,880000
4,4,64.0,535000
2,4,50.0,410000
2,13,67.0,310000
2,5,75.0,600000
2,4,58.0,430000
2,5,55.0,285000
2,8,78.0,342000
6,9,357.0,3420000
3,3,110.0,1254000
3,3,75.0,379000
3,14,178.0,2450000
1,13,55.0,379500
2,6,51.0,499000
4,7,50.0,680000
2,1,54.0,406000
1,15,62.0,238000
2,15,74.0,265000
1,8,50.0,342000
3,1,48.0,353000
3,9,87.0,487000
3,7,82.0,545000
3,12,100.0,520000
4,4,65.0,550000
2,2,66.0,513000
2,9,62.0,704000
2,4,47.0,200000
3,2,93.0,1081100
3,8,84.0,483650
3,9,70.0,479999
2,7,71.0,330000
2,2,79.0,388000
3,9,70.0,530000
1,5,47.0,236000
1,7,46.0,420000
2,8,75.0,350500
1,7,53.0,253700
3,9,89.0,570000
2,11,76.0,345000
2,10,111.0,569000
3,9,137.0,593500
2,13,120.0,1254000
3,7,128.0,862500
3,1,66.0,318640
2,12,64.0,356000
4,3,95.0,500000
1,4,42.0,290000
3,9,105.0,610000
1,1,42.0,273000
3,12,137.0,1015000
1,16,55.0,220000
2,6,71.0,379000
2,7,78.0,800000
1,4,55.0,293000
2,5,72.0,439000
1,5,58.0,396000
2,14,56.0,419000
3,4,76.0,425005
1,9,60.0,330000
3,11,140.0,1596000
1,8,48.0,179999
3,10,116.0,992000
2,5,57.0,750000
1,8,40.0,273000
3,1,50.0,342000
4,12,200.0,2034000
4,2,200.0,800000
2,10,60.0,502740
2,16,71.0,485000
2,2,50.0,220000
1,3,38.0,290000
2,10,90.0,513000
3,10,140.0,1140000
3,11,108.0,730000
3,19,298.0,1865000
1,4,50.0,380000
2,15,84.0,362292
1,10,40.0,238500
1,2,36.0,160000
4,11,50.0,870000
2,8,76.0,370918
2,7,57.0,198000
1,1,25.0,125000
2,1,40.0,165000
1,3,51.0,380000
4,2,95.0,678000
2,14,54.0,555000
1,2,36.0,300000
2,14,88.0,635000
2,5,60.0,365000
1,2,26.0,275000
1,4,28.0,320000
2,3,49.0,220000
1,3,38.0,165000
3,2,60.0,255000
3,7,105.0,780000
1,4,30.0,283000
3,4,70.0,545000
2,4,37.0,306000
3,11,93.0,957600
2,5,56.0,275000
3,9,105.0,1089600
2,15,87.0,630000
2,1,47.0,350000
2,7,82.0,228000
2,13,68.0,795000
3,2,74.0,600000
2,15,80.0,270000
1,2,34.0,260000
2,12,72.0,335000
2,5,83.0,950000
2,6,78.0,520000
1,13,56.0,320000
3,5,90.0,990000
2,4,74.0,450000
4,15,218.0,1855000
2,7,96.0,547200
2,2,96.0,599000
1,2,30.0,230000
3,2,61.0,400000
1,3,23.0,120000
1,3,32.0,165000
4,9,81.0,550000
3,2,76.0,480000
2,1,58.0,390000
1,2,50.0,3000
1,9,36.0,390000
2,2,45.0,261000
2,1,40.0,310000
2,4,45.0,460000
1,2,50.0,150000
3,14,50.0,610000
6,11,200.0,2200000
3,15,148.0,940000
3,2,71.0,500000
3,12,64.0,495000
3,2,72.0,200000
2,9,60.0,431000
2,1,50.0,340000
1,1,38.0,270000
5,3,90.0,680000
2,4,34.0,245000
2,3,68.0,456000
6,2,210.0,2210000
3,7,78.0,620000
3,10,65.0,699000
2,7,50.0,379999
3,9,137.0,588000
3,9,100.0,700000
3,13,105.0,513000
3,11,79.0,48000
2,9,60.0,460000
3,1,65.0,520000
1,5,52.0,302300
1,19,41.0,115000
3,14,103.0,647000
2,5,75.0,450000
3,15,130.0,650000
1,11,27.0,227000
3,9,110.0,990000
3,9,98.0,1105000
3,6,129.0,912000
3,10,117.0,735000
3,12,78.0,680000
2,10,63.0,717000
2,12,83.0,470000
1,3,35.0,265100
3,1,50.0,300000
3,5,75.0,639000
3,7,135.0,1139999
1,10,60.0,450000
2,3,65.0,547200
3,12,78.0,635000
3,3,111.0,940000
3,2,118.0,795000
2,14,79.0,358000
3,12,65.0,682000
2,2,55.0,370000
2,6,65.0,580000
4,8,150.0,1272000
4,3,50.0,420000
1,3,38.0,295000
3,11,50.0,950000
1,9,51.0,280000
2,7,78.0,460000
3,4,84.0,720000
2,1,60.0,420000
2,7,50.0,400000
3,1,54.0,350000
3,11,73.0,440000
1,9,47.0,214300
2,18,57.0,270000
2,2,46.0,340000
2,13,79.0,490000
3,13,102.0,695000
2,2,60.0,460000
1,6,47.0,212440
2,3,58.0,570000
2,12,77.0,365000
2,11,100.0,363000
1,9,49.0,235000
1,7,54.0,220000
1,7,44.0,198880
1,8,45.0,205200
3,5,83.0,750000
3,2,120.0,1310000
3,6,107.0,1254000
3,4,70.0,795000
1,10,57.0,264400
2,2,45.0,430160
2,9,90.0,461700
2,6,80.0,410000
2,1,36.0,339000
2,4,40.0,160000
1,4,40.0,160000
2,3,54.0,375000
2,3,57.0,450000
2,2,50.0,245000
2,7,76.0,440000
3,17,123.0,669000
3,5,51.0,500000
4,2,123.0,1202320
3,4,82.0,290000
2,9,60.0,390000
3,7,79.0,340000
4,9,105.0,545000
4,7,111.0,696000
3,8,96.0,379999
3,10,110.0,900000
3,12,103.0,643000
2,13,72.0,370000
1,2,54.0,335000
2,7,64.0,615000
2,3,50.0,410000
3,5,110.0,550000
1,7,68.0,550000
3,6,100.0,590000
3,6,109.0,865000
3,6,80.0,530000
1,3,50.0,153000
2,2,64.0,195000
2,16,98.0,545000
1,14,53.0,290000
3,8,125.0,1320000
3,3,100.0,920000
3,5,124.0,420000
2,13,82.0,465000
2,11,85.0,490000
1,13,57.0,318000
1,7,58.0,375000
2,12,90.0,738000
1,4,40.0,325000
1,7,50.0,319200
3,10,100.0,970000
3,9,90.0,586000
2,6,51.0,500000
2,5,50.0,400000
2,11,63.0,447000
3,4,66.0,627000
5,3,165.0,1328250
4,1,54.0,290000
2,16,73.0,434861
3,12,129.0,838178
2,9,63.0,295000
4,9,141.0,989115
4,3,80.0,650000
3,10,97.0,663723
5,8,125.0,898500
2,7,80.0,518000
2,15,54.0,427000
5,5,137.0,1055585
1,7,44.0,460000
3,11,113.0,753710
3,3,70.0,796000
5,6,123.0,926559
2,7,109.0,807254
3,7,86.0,637000
5,4,151.0,1189578
4,0,70.0,280000
2,14,131.0,806043
1,17,55.0,324657
2,15,87.0,532266
3,3,82.0,380000
6,17,142.0,979800
5,16,163.0,1124700
2,12,61.0,349000
5,7,164.0,1207040
4,8,84.0,650000
2,7,51.0,613000
2,14,74.0,510600
2,6,85.0,530000
1,15,53.0,330000
1,2,43.0,295000
3,8,108.0,677000
3,4,80.0,685000
4,8,125.0,898500
2,14,101.0,634179
3,1,55.0,532000
3,12,108.0,828000
2,1,48.0,293000
2,9,50.0,460000
5,4,96.0,790000
3,6,100.0,490000
4,17,140.0,650000
2,8,72.0,515000
3,13,50.0,515000
3,10,112.0,1100000
1,13,54.0,278000
1,3,64.0,330000
3,10,120.0,700000
2,11,76.0,432000
3,10,131.0,791350
1,16,56.0,229000
2,12,72.0,335000
2,2,57.0,467400
2,2,60.0,524400
5,4,97.0,909600
2,15,73.0,455000
5,6,153.0,1152549
2,11,83.0,561246
2,5,77.0,595056
5,4,121.0,953238
3,1,66.0,437360
3,11,99.0,630000
3,4,65.0,670000
5,7,139.0,1023040
2,10,97.0,671531
1,16,62.0,375550
5,17,149.0,839615
3,2,68.0,440000
2,12,69.0,455469
1,15,69.0,428536
5,2,100.0,777000
2,12,83.0,493000
4,9,111.0,778665
6,17,203.0,1400700
6,4,155.0,1247750
2,11,82.0,820000
6,17,194.0,1338600
6,18,140.0,966000
6,18,140.0,966000
5,17,158.0,1090200
2,5,82.0,242000
2,8,77.0,325000
2,8,50.0,226000
4,13,104.0,669760
4,16,135.0,931500
2,4,59.0,170000
3,5,114.0,786000
3,14,129.0,890100
2,1,50.0,230000
2,15,73.0,503700
2,9,40.0,320000
2,15,74.0,510600
2,10,71.0,481735
1,2,32.0,280000
1,16,52.0,358800
1,6,44.0,312000
1,0,32.0,130000
2,3,75.0,603750
6,17,169.0,1166100
5,12,159.0,1056873
3,15,122.0,675000
3,9,104.0,587000
2,13,87.0,644000
2,11,77.0,513000
2,15,88.0,435000
6,11,193.0,1287310
6,15,167.0,988660
4,8,105.0,754688
4,10,180.0,1790000
1,4,56.0,438478
2,14,71.0,445809
2,7,50.0,205000
2,6,93.0,703731
2,10,67.0,463841
1,3,40.0,165000
6,13,195.0,1233375
1,9,66.0,468522
1,5,64.0,492189
2,4,64.0,427000
6,18,201.0,1386900
6,10,179.0,1214515
3,6,131.0,860000
2,1,60.0,468000
2,2,49.0,320000
6,18,192.0,1324800
6,14,198.0,1366200
5,18,153.0,1055700
5,7,137.0,1008320
2,1,60.0,454000
2,5,86.0,535000
4,17,133.0,917700
2,1,55.0,380000
1,1,40.0,275000
3,3,109.0,1257300
2,5,65.0,472000
2,9,61.0,600000
2,6,71.0,400000
3,4,95.0,764750
2,12,66.0,339000
3,15,127.0,876300
4,4,112.0,1380000
2,8,50.0,340000
2,16,73.0,503700
1,9,40.0,159999
2,16,72.0,496800
1,12,50.0,360000
3,7,139.0,1023040
4,1,64.0,520000
2,9,111.0,786324
6,12,179.0,1189813
3,6,131.0,1643000
3,12,126.0,1293000
3,8,101.0,612800
1,5,49.0,505000
2,11,113.0,764106
3,5,91.0,650000
6,16,153.0,888624
6,14,151.0,929103
6,17,199.0,1121365
2,10,67.0,540000
2,3,58.0,445000
6,13,165.0,1043625
2,16,51.0,465000
2,6,63.0,402500
4,2,130.0,1305000
4,4,121.0,953233
6,10,117.0,1211204
1,2,34.0,295000
5,3,135.0,1086750
2,8,75.0,273999
1,11,55.0,115000
3,8,125.0,898438
1,6,49.0,365000
6,6,173.0,1193700
3,8,76.0,587000
6,14,199.0,1373100
4,3,100.0,720000
4,8,90.0,659000
2,4,48.0,245000
6,14,190.0,1311000
1,9,60.0,372000
6,10,193.0,1309505
6,15,196.0,1352400
5,14,148.0,1021200
4,18,131.0,903900
2,5,47.0,280000
1,3,31.0,195000
4,7,139.0,1023040
2,5,53.0,459000
3,16,125.0,862500
4,4,80.0,593000
3,10,118.0,735000
1,12,72.0,410000
2,4,85.0,684250
2,1,65.0,405000
2,2,38.0,437000
2,2,78.0,500000
2,2,35.0,205740
3,4,70.0,400000
2,6,45.0,167000
2,4,48.0,290000
2,1,48.0,201000
2,1,55.0,180000
3,5,68.0,550000
1,7,63.0,373000
1,2,30.0,155000
2,1,50.0,240000
2,3,60.0,320000
1,6,58.0,320000
3,6,94.0,570000
3,10,112.0,555000
1,5,41.0,309150
2,4,50.0,280000
3,4,67.0,468000
1,12,44.0,240000
3,3,132.0,1200000
2,14,96.0,495000
2,14,96.0,520000
2,9,75.0,470000
2,14,77.0,522000
1,10,67.0,386000
3,12,170.0,1704000
2,8,74.0,660000
2,10,50.0,660000
1,8,42.0,310000
4,7,110.0,960000
1,10,48.0,350000
3,13,86.0,595000
4,8,96.0,1100000
3,2,64.0,550000
1,3,50.0,190000
1,1,30.0,308000
2,4,38.0,350000
2,1,53.0,350000
2,2,48.0,365000
1,3,35.0,265000
4,6,135.0,1200000
3,4,116.0,1299000
2,14,55.0,305100
5,4,100.0,700000
3,9,76.0,343000
2,4,90.0,843600
5,3,100.0,866400
6,3,220.0,1590000
6,3,220.0,1590000
1,7,38.0,290000
3,11,86.0,970000
2,4,52.0,310000
4,7,100.0,581400
2,6,48.0,400000
2,11,80.0,610000
1,9,50.0,330000
2,9,54.0,380000
3,2,118.0,1290000
4,7,94.0,910000
4,1,90.0,600000
3,7,80.0,737000
4,7,96.0,1017325
3,2,107.0,295000
2,14,49.0,370000
2,2,72.0,200000
3,15,77.0,449000
1,8,37.0,330000
3,3,60.0,536000
2,14,48.0,300000
2,2,48.0,220000
2,11,52.0,741000
2,3,78.0,620000
1,4,49.0,430000
2,1,44.0,470000
3,9,100.0,600000
3,3,74.0,795000
2,5,78.0,500000
4,4,68.0,500000
3,0,65.0,342000
1,11,52.0,545000
3,8,110.0,1068500
2,8,56.0,330000
1,8,50.0,310005
5,2,145.0,1350005
3,1,66.0,445805
3,4,80.0,545705
2,4,72.0,386505
2,6,47.0,320000
2,6,70.0,510005
4,4,80.0,515000
2,4,60.0,400005
2,4,60.0,432000
4,4,110.0,625005
4,2,86.0,704905
1,1,80.0,573000
2,7,66.0,420000
2,6,75.0,460000
4,2,67.0,620000
2,6,48.0,380000
2,1,38.0,290000
2,4,52.0,377500
1,3,40.0,388000
1,1,26.0,238000
3,2,112.0,930000
1,2,38.0,296000
3,4,60.0,365000
3,3,106.0,460000
2,12,75.0,439000
2,3,58.0,445000
3,1,79.0,599000
3,10,110.0,530000
1,3,28.0,320000
2,9,54.0,290000
2,10,115.0,667000
1,6,51.0,203000
4,5,123.0,994000
3,11,95.0,706000
3,16,82.0,510000
2,0,52.0,250000
4,6,162.0,1250000
2,3,78.0,490000
3,13,135.0,950000
1,14,56.0,265000
3,3,50.0,510000
1,6,46.0,415200
2,8,80.0,580000
1,4,47.0,241110
2,11,75.0,500000
1,13,42.0,400000
1,11,41.0,163590
1,13,37.0,147630
1,8,47.0,214320
1,13,44.0,175560
1,4,49.0,251370
1,6,36.0,164160
1,2,36.0,184680
1,7,44.0,200640
1,8,36.0,164160
1,10,47.0,214320
2,11,96.0,496800
1,1,54.0,300000
1,9,41.0,186960
2,3,49.0,456000
3,5,72.0,575000
2,2,45.0,2015000
2,17,72.0,496800
1,18,50.0,345000
3,3,73.0,680000
6,10,147.0,997395
4,6,123.0,926559
2,3,135.0,1086750
1,12,60.0,400200
3,8,110.0,740000
5,15,147.0,879060
2,8,84.0,968000
3,9,123.0,926498
4,7,139.0,1023040
1,3,45.0,285000
5,17,179.0,1008665
1,13,53.0,344138
3,5,137.0,1055585
2,7,50.0,500000
3,3,125.0,1085000
1,11,67.0,458850
2,6,75.0,460000
2,4,91.0,717899
1,3,39.0,220000
1,14,61.0,382663
3,8,95.0,682813
2,4,38.0,400000
1,16,47.0,283952
6,15,197.0,1359300
1,11,59.0,540000
2,4,78.0,695000
2,3,48.0,440000
6,15,188.0,1297200
3,3,94.0,850000
3,7,90.0,650000
6,16,194.0,1338600
2,8,60.0,307800
2,11,60.0,775000
2,1,60.0,650000
5,13,119.0,766360
5,15,143.0,986700
4,14,129.0,890100
3,17,123.0,848700
3,10,86.0,583510
2,9,65.0,692000
2,18,70.0,483000
3,13,109.0,520000
2,18,71.0,489900
1,3,60.0,342000
1,14,79.0,545100
2,1,59.0,370000
3,11,110.0,1243000
1,7,53.0,390080
1,1,47.0,267900
5,16,163.0,955995
4,15,147.0,879060
4,17,149.0,839615
2,16,58.0,264480
6,11,163.0,1087210
5,4,50.0,1540000
2,8,95.0,688275
4,4,101.0,795628
3,1,56.0,450000
2,3,48.0,250000
5,14,161.0,990553
3,1,75.0,512000
1,9,52.0,239400
5,13,175.0,1106875
3,1,90.0,500000
2,5,52.0,269325
1,11,33.0,131670
2,11,71.0,280800
1,3,37.0,188977
1,3,49.0,251000
2,2,65.0,655000
1,11,37.0,146335
2,5,107.0,826896
2,8,64.0,344000
3,1,90.0,500000
1,5,36.0,184000
1,5,41.0,209400
4,6,103.0,775848
6,12,149.0,968128
2,9,81.0,577530
1,1,50.0,290000
1,1,27.0,310000
1,1,30.0,350000
4,3,115.0,925750
1,10,59.0,409705
3,5,80.0,558000
2,1,107.0,450000
6,0,195.0,1345500
3,4,63.0,467400
6,16,186.0,1283400
6,10,159.0,1078815
3,8,110.0,2165888
6,17,192.0,1324800
2,11,75.0,360000
2,1,63.0,452000
5,16,138.0,952200
2,4,44.0,370000
2,11,75.0,501600
4,4,160.0,1820000
4,7,95.0,420000
1,3,43.0,280000
3,5,95.0,780000
4,7,117.0,861120
4,7,117.0,861120
2,6,58.0,510000
3,18,121.0,834900
2,15,56.0,420000
2,14,100.0,690000
2,4,75.0,603750
1,15,78.0,538200
2,15,51.0,420000
1,12,53.0,242000
1,10,41.0,196000
2,8,98.0,402000
3,4,70.0,547000
3,1,70.0,460000
2,8,46.0,435000
2,3,60.0,445000
3,5,50.0,455000
2,5,70.0,565000
1,12,67.0,380000
3,5,80.0,525000
1,4,50.0,435000
3,2,90.0,854000
3,2,70.0,646000
2,2,44.0,350000
3,1,61.0,520000
3,1,66.0,318000
4,2,80.0,670000
3,5,56.0,380000
2,10,67.0,450000
2,14,88.0,628500
2,4,60.0,300000
2,11,72.0,799999
4,16,131.0,679000
2,4,58.0,430000
3,4,50.0,1000000
1,4,32.0,170000
1,1,27.0,230000
1,8,44.0,315000
3,11,118.0,550000
3,17,140.0,568000
4,4,75.0,270000
1,17,44.0,125000
1,3,44.0,170000
1,3,40.0,165000
2,1,48.0,255000
3,15,106.0,1099000
3,8,87.0,767000
2,0,51.0,280000
2,4,81.0,507870
3,3,105.0,595875
2,10,86.0,1140000
1,7,56.0,211000
2,5,60.0,456000
3,12,80.0,695400
4,2,70.0,882000
3,1,53.0,456000
3,8,108.0,677000
2,6,58.0,350000
2,14,63.0,328500
3,1,124.0,782000
1,12,34.0,330000
1,11,50.0,245099
2,3,49.0,215000
1,2,28.0,169900
3,1,50.0,201999
3,4,68.0,559000
3,9,56.0,400000
3,8,102.0,387000
2,16,78.0,390000
2,5,70.0,740000
2,8,50.0,397250
1,3,42.0,330000
2,7,67.0,547000
5,3,90.0,590000
2,1,58.0,445000
3,1,70.0,615000
1,13,33.0,131700
1,12,49.0,195500
2,4,58.0,480000
1,7,65.0,270000
2,12,56.0,239400
2,3,56.0,287280
2,3,49.0,251370
4,3,130.0,1596000
3,5,107.0,690000
1,4,44.0,225720
3,8,80.0,500000
1,5,47.0,241110
1,5,44.0,225720
2,11,56.0,223440
1,12,44.0,175550
1,12,47.0,187500
1,12,48.0,357120
2,2,71.0,364230
4,5,80.0,459999
1,11,48.0,191520
3,15,88.0,520000
1,7,44.0,200600
2,11,52.0,266000
1,11,43.0,171600
2,9,75.0,326000
1,8,47.0,197000
1,9,53.0,235000
1,7,49.0,223450
3,13,76.0,738000
1,11,33.0,131700
1,5,53.0,250000
2,9,44.0,250000
1,9,33.0,150500
1,3,32.0,445000
3,10,106.0,599000
4,14,140.0,798000
3,13,94.0,589000
3,2,60.0,315000
3,13,63.0,480000
2,10,85.0,530000
2,12,73.0,330000
2,1,50.0,441480
3,4,80.0,322000
1,10,36.0,164160
1,11,41.0,163600
1,2,47.0,241110
5,8,85.0,600000
1,2,44.0,225700
1,2,36.0,184700
2,11,56.0,499000
1,4,45.0,230800
1,10,63.0,425000
2,6,67.0,670000
4,9,110.0,757000
4,4,145.0,1425000
2,10,66.0,580000
3,10,104.0,680000
1,7,51.0,350000
3,10,142.0,1595000
3,2,75.0,855000
2,11,62.0,508000
1,4,52.0,435000
3,4,120.0,1130000
2,5,54.0,385000
3,17,118.0,620000
1,4,63.0,470000
3,10,132.0,995000
3,17,118.0,630000
3,15,120.0,1130000
5,6,186.0,1980000
4,1,80.0,735000
3,5,115.0,970000
2,1,50.0,475000
6,4,330.0,3000000
4,3,80.0,525000
5,6,130.0,1480000
4,7,80.0,605000
2,2,50.0,465000
2,5,71.0,718000
3,5,126.0,850000
3,10,106.0,661000
5,11,147.0,1130000
2,4,91.0,627000
3,5,121.0,900000
1,2,42.0,220000
2,9,86.0,910000
2,1,50.0,260000
2,4,47.0,480000
4,8,110.0,878000
2,11,76.0,640000
4,7,100.0,622000
3,16,104.0,503000
2,16,78.0,373500
3,16,112.0,537000
3,16,105.0,503000
3,16,112.0,537000
3,2,107.0,670000
1,7,47.0,430000
2,3,50.0,225000
3,1,80.0,470000
3,4,54.0,440000
2,3,44.0,369000
3,2,63.0,600000
1,1,35.0,250000
3,4,67.0,540000
3,11,146.0,1580000
3,13,78.0,670000
3,7,117.0,810000
2,6,71.0,685000
3,9,125.0,1248000
2,11,80.0,452000
2,13,57.0,660000
2,2,48.0,370000
2,6,80.0,570000
2,1,56.0,420000
2,1,42.0,370000
3,2,58.0,350000
1,2,46.0,315000
3,3,58.0,250000
3,13,87.0,439000
2,4,47.0,414000
2,2,45.0,195000
3,8,122.0,715000
1,8,54.0,314000
2,8,107.0,609000
1,15,53.0,255000
3,3,82.0,735000
3,6,60.0,400000
2,10,93.0,550000
1,10,55.0,499000
3,2,110.0,1345000
3,12,107.0,559999
1,2,33.0,290000
2,16,50.0,290000
4,1,70.0,570000
3,4,50.0,787000
2,16,60.0,160000
1,10,38.0,410500
1,18,80.0,430000
2,2,50.0,440000
1,8,50.0,220000
1,11,50.0,360000
2,5,83.0,587000
2,3,87.0,850000
2,11,109.0,678000
2,8,85.0,485000
4,5,140.0,1150000
3,11,86.0,1085000
2,2,47.0,456000
2,15,65.0,260000
2,11,63.0,456000
1,6,36.0,300000
2,8,81.0,850000
3,2,68.0,330000
5,3,90.0,635000
2,2,55.0,430000
1,3,32.0,308000
2,14,55.0,455000
5,4,90.0,660000
1,10,58.0,241000
3,10,127.0,550000
3,10,114.0,530500
1,14,76.0,300000
2,10,78.0,375000
3,2,54.0,700000
3,10,94.0,450000
2,7,67.0,273800
3,12,116.0,460000
2,12,66.0,239000
1,6,47.0,220000
2,11,81.0,325000
3,12,112.0,480123
3,7,112.0,469000
4,2,142.0,1728000
2,16,86.0,370000
1,10,55.0,251000
2,13,81.0,295000
2,7,75.0,442000
1,12,50.0,253374
2,12,67.0,245000
3,7,106.0,440000
2,7,67.0,275000
2,1,54.0,455000
1,10,58.0,255000
3,12,112.0,485000
2,11,66.0,239902
2,7,78.0,398500
1,7,57.0,247784
1,11,55.0,262785
2,13,81.0,321500
1,10,54.0,220000
2,7,79.0,377000
2,3,50.0,375000
2,6,42.0,420000
3,5,50.0,864000
3,5,71.0,855000
2,4,100.0,1760000
3,11,120.0,1539000
1,6,56.0,400000
2,8,64.0,450000
2,2,50.0,439000
3,1,50.0,550000
2,2,44.0,450000
4,4,65.0,530000
5,3,90.0,800000
1,16,55.0,115000
2,2,50.0,480000
1,5,40.0,425500
2,16,69.0,285000
1,4,30.0,270000
1,6,30.0,240000
2,3,36.0,300000
3,4,64.0,515000
4,4,120.0,1060000
3,4,63.0,520000
1,4,41.0,290000
1,1,30.0,135000
3,4,74.0,907000
2,1,50.0,374000
4,1,80.0,700000
2,2,58.0,550000
1,4,60.0,370000
4,2,80.0,445000
3,4,56.0,480000
2,2,56.0,420000
2,6,52.0,220000
3,1,90.0,250000
2,5,77.0,720000
3,1,64.0,1000000
4,4,50.0,542000
2,7,65.0,270000
1,1,25.0,230000
2,11,60.0,237300
6,3,220.0,1824000
3,3,76.0,915000
1,2,28.0,196000
4,4,85.0,577777
2,7,68.0,365000
1,3,28.0,264600
2,6,60.0,360000
2,8,53.0,570000
3,7,121.0,1040000
4,5,100.0,850000
3,1,60.0,416000
3,10,83.0,627000
2,1,40.0,230000
3,10,103.0,830000
2,6,58.0,400000
2,7,78.0,615000
1,2,30.0,155000
4,2,76.0,560000
5,14,225.0,1824000
2,3,61.0,850000
2,3,61.0,272000
1,6,52.0,291000
3,4,120.0,1400000
2,4,50.0,395000
2,6,47.0,165000
2,7,72.0,360000
3,2,50.0,770000
1,3,40.0,156000
2,4,64.0,427500
3,7,82.0,510000
2,6,72.0,499000
4,3,155.0,1539000
2,12,78.0,475000
2,6,60.0,500000
2,9,67.0,684000
2,1,65.0,410000
3,2,64.0,520000
5,4,50.0,847359
1,2,30.0,150000
2,1,54.0,440500
2,6,74.0,518000
2,2,50.0,200000
3,1,77.0,570000
2,2,46.0,235000
2,4,48.0,382000
2,4,52.0,475000
4,3,135.0,2150000
2,3,52.0,450000
2,10,111.0,570000
3,17,118.0,610000
2,13,65.0,385000
1,12,61.0,348000
3,12,106.0,604000
1,14,60.0,342000
1,13,57.0,325000
2,10,96.0,635000
3,1,80.0,820000
2,7,78.0,461000
2,9,53.0,385000
4,4,60.0,265000
1,10,50.0,384000
3,2,110.0,1140000
3,5,50.0,810000
2,3,93.0,795000
2,9,58.0,289000
2,9,46.0,230000
4,5,100.0,570000
4,6,156.0,1140000
3,4,63.0,490000
3,12,80.0,718000
2,2,45.0,397000
3,2,75.0,624000
3,9,78.0,390000
3,5,50.0,590000
3,2,45.0,400000
2,6,56.0,310000
2,5,69.0,420000
1,16,61.0,243000
2,2,55.0,300000
2,9,50.0,370000
2,3,42.0,320000
1,2,36.0,300000
1,8,48.0,218800
1,7,49.0,223440
2,7,71.0,323760
2,6,93.0,424000
6,10,210.0,1486800
3,4,55.0,420000
1,5,47.0,241100
6,12,190.0,1413600
6,14,170.0,1224000
6,4,150.0,1260000
1,5,44.0,223740
1,4,29.0,360000
3,11,100.0,513000
3,12,80.0,695500
2,10,44.0,513000
2,11,86.0,598560
1,4,47.0,241110
2,13,76.0,556320
2,15,66.0,467280
5,5,56.0,463680
6,9,228.0,1641600
1,10,47.0,241000
6,11,208.0,1572480
1,3,50.0,230000
2,10,51.0,592800
3,19,143.0,684684
6,13,188.0,1376160
1,4,44.0,223740
2,10,80.0,360000
2,5,74.0,270000
1,10,47.0,535000
2,15,98.0,614500
5,11,141.0,981360
3,13,91.0,912000
4,15,218.0,1880000
2,8,74.0,807000
5,13,131.0,958920
3,9,140.0,1117000
3,7,97.0,1100000
2,8,73.0,350000
1,17,64.0,308000
5,15,121.0,856680
3,12,80.0,582000
1,8,47.0,322000
2,16,86.0,461000
2,7,62.0,690000
5,5,111.0,919080
5,3,97.0,638400
2,14,75.0,513000
2,16,103.0,645810
2,6,70.0,660000
1,10,71.0,809400
2,2,70.0,433200
3,10,130.0,920400
3,5,129.0,1710000
2,7,65.0,624800
3,1,68.0,550000
1,14,59.0,320000
1,3,47.0,241110
2,6,68.0,627000
3,9,100.0,850000
3,10,65.0,775200
3,12,110.0,818400
3,4,90.0,798000
3,12,66.0,862500
3,7,80.0,496000
3,14,90.0,648000
2,11,46.0,433000
2,6,59.0,409000
2,10,61.0,494000
3,12,90.0,534000
3,4,70.0,588000
1,3,49.0,251370
3,5,72.0,569999
2,20,127.0,1026000
4,2,120.0,1368000
2,3,93.0,477000
2,7,58.0,466320
2,2,61.0,567500
6,5,172.0,1424160
2,3,40.0,290000
1,2,36.0,184700
2,3,70.0,470000
3,10,50.0,500000
1,2,47.0,241110
5,7,113.0,908520
3,2,76.0,576840
1,2,44.0,225700
3,12,80.0,598000
3,6,74.0,603840
6,6,134.0,1093440
2,3,56.0,287280
1,7,37.0,168720
4,5,92.0,761760
1,3,36.0,183800
1,2,41.0,210330
1,7,43.0,345720
1,11,48.0,190680
1,9,49.0,222460
1,7,47.0,214320
1,6,49.0,251370
3,3,56.0,548000
1,8,48.0,216960
1,3,49.0,251370
6,5,152.0,1258560
2,14,52.0,209475
2,8,73.0,1007000
2,23,70.0,1132000
1,11,44.0,174020
1,3,66.0,531000
4,5,115.0,798000
1,8,46.0,337200
1,11,37.0,147630
1,13,48.0,184800
2,7,61.0,483000
1,5,47.0,241110
1,7,41.0,186960
2,10,93.0,529000
2,6,57.0,465120
1,3,36.0,183060
2,10,96.0,763000
3,3,47.0,241110
1,7,36.0,162720
2,7,86.0,485000
1,2,44.0,225720
1,10,41.0,186140
1,12,91.0,446000
1,3,41.0,209407
6,4,170.0,1428000
1,12,41.0,162872
2,11,77.0,740000
1,12,33.0,131092
1,10,47.0,213380
2,2,81.0,415530
1,4,43.0,220500
1,7,44.0,200000
1,11,44.0,175560
5,6,112.0,913920
1,2,49.0,251370
1,13,33.0,131670
1,9,33.0,150480
1,11,41.0,163590
3,5,72.0,596160
2,2,93.0,477000
1,9,41.0,186532
2,14,53.0,460000
2,5,50.0,700000
2,2,71.0,364230
6,5,132.0,1092960
2,4,76.0,650000
4,4,90.0,756000
1,6,42.0,342720
3,14,112.0,660000
6,10,190.0,1345200
1,4,59.0,247000
6,12,170.0,1264800
6,4,130.0,1092000
2,12,72.0,499000
6,14,150.0,1080000
1,13,48.0,255000
4,7,90.0,570000
4,9,148.0,1065600
4,11,128.0,967680
4,7,130.0,950000
4,13,108.0,790560
1,11,71.0,494160
4,4,64.0,600000
1,13,61.0,446520
1,5,41.0,339480
1,15,51.0,361080
6,9,208.0,1497600
6,11,188.0,1421280
6,13,168.0,1229760
3,4,50.0,320000
4,9,70.0,520000
5,3,90.0,640000
1,2,33.0,160000
3,5,68.0,445000
1,3,42.0,302000
2,4,55.0,462000
4,5,80.0,445000
1,8,44.0,348480
2,12,67.0,490000
2,10,85.0,601800
2,12,75.0,558000
2,14,65.0,468000
6,8,226.0,1654320
3,4,50.0,365000
6,10,206.0,1582080
6,12,186.0,1383840
1,10,67.0,305000
5,10,140.0,991200
5,12,130.0,967200
2,10,66.0,570000
5,4,110.0,924000
5,14,120.0,864000
4,7,90.0,592000
2,2,70.0,433000
1,8,66.0,451400
3,9,128.0,921600
2,9,60.0,390000
2,12,103.0,707610
3,5,90.0,820000
3,8,54.0,479000
4,11,180.0,2537000
3,4,70.0,650000
2,15,95.0,499000
2,7,88.0,559000
2,6,77.0,614460
1,1,30.0,340000
2,7,50.0,650000
2,5,50.0,375000
2,2,40.0,340000
1,2,32.0,195000
3,2,60.0,500000
2,12,63.0,430000
3,2,80.0,340000
2,4,48.0,340000
2,2,60.0,650000
2,0,50.0,130000
4,5,136.0,1100000
1,3,34.0,308000
6,2,155.0,1500000
1,1,35.0,480000
3,11,80.0,779000
2,17,62.0,400000
2,11,80.0,912000
3,2,70.0,600000
2,5,60.0,490000
2,8,50.0,456000
3,10,90.0,410000
2,1,55.0,376000
2,14,98.0,741000
1,3,37.0,330000
1,5,53.0,249000
1,5,48.0,228000
2,14,50.0,431000
3,7,102.0,655000
1,1,76.0,380000
2,14,53.0,470000
1,4,40.0,350000
4,5,110.0,681000
3,1,70.0,600000
2,5,75.0,998000
3,1,70.0,560000
1,9,43.0,270000
3,4,60.0,450000
1,5,50.0,295000
2,2,43.0,460000
2,1,46.0,350000
2,6,64.0,235000
2,4,50.0,440000
2,2,38.0,400000
1,3,54.0,365000
3,2,118.0,769500
3,4,43.0,340000
1,12,85.0,485000
3,10,100.0,945000
2,6,80.0,736450
2,7,85.0,800000
4,1,60.0,450000
2,7,70.0,620000
3,5,110.0,700000
1,1,30.0,175000
2,6,64.0,700000
4,4,71.0,470000
2,6,51.0,320000
2,6,66.0,530000
4,16,121.0,580000
1,14,33.0,139194
1,11,43.0,171570
1,5,36.0,184680
1,4,36.0,184680
2,6,50.0,330000
3,2,80.0,190000
1,4,45.0,396000
4,4,72.0,588770
3,2,114.0,715050
3,6,74.0,960000
3,3,72.0,930000
3,9,84.0,620000
3,5,75.0,460000
1,3,30.0,250000
1,5,40.0,283000
3,1,70.0,620000
1,1,31.0,230000
1,1,55.0,456000
1,12,60.0,240000
1,4,27.0,235000
3,4,110.0,946000
3,13,94.0,500000
1,8,46.0,370000
3,1,71.0,300000
2,12,61.0,329000
3,5,60.0,587000
1,11,50.0,350000
2,1,50.0,390000
1,11,55.0,165000
1,16,55.0,316000
3,7,70.0,690000
3,12,50.0,715000
1,3,34.0,300000
2,6,50.0,270000
3,11,108.0,816480
3,13,88.0,644160
6,9,188.0,1353600
6,11,168.0,1270080
2,6,47.0,400000
2,9,85.0,600000
6,13,148.0,1083360
4,8,146.0,1068720
2,14,88.0,597000
4,14,126.0,967680
2,1,44.0,433000
5,3,100.0,672600
4,12,106.0,788640
2,5,42.0,421800
1,4,50.0,336000
1,11,68.0,347000
1,10,70.0,495600
1,12,60.0,446400
3,5,50.0,450000
1,14,50.0,360000
1,12,48.0,285000
6,8,206.0,1507920
6,10,186.0,1428480
6,12,166.0,1235040
2,9,84.0,604800
2,11,74.0,559440
2,2,40.0,360000
2,13,64.0,468480
6,7,224.0,1666560
4,7,90.0,591760
6,11,184.0,1391040
5,9,139.0,1000800
5,11,129.0,975240
5,13,119.0,871080
3,8,126.0,922320
3,8,106.0,814080
1,8,42.0,310000
3,12,86.0,639840
6,12,146.0,1086240
6,7,186.0,1361520
3,13,130.0,850000
3,6,50.0,1420000
6,10,166.0,1274880
3,5,57.0,460000
3,3,127.0,850000
4,11,104.0,786240
4,7,144.0,1071360
4,9,124.0,967200
1,13,49.0,358680
3,13,90.0,379000
1,9,69.0,496800
1,11,59.0,446040
4,4,95.0,775000
6,11,164.0,1239840
2,2,55.0,420000
6,7,204.0,1517760
6,7,184.0,1435200
2,8,83.0,607560
2,10,73.0,560640
4,7,160.0,1800000
1,16,44.0,140000
2,12,63.0,468720
6,10,182.0,1397760
4,2,50.0,700000
6,6,222.0,1678320
2,11,62.0,255000
6,8,202.0,1599840
5,12,118.0,877920
2,7,46.0,300000
5,8,138.0,1010160
5,10,128.0,983040
4,3,68.0,627000
3,11,84.0,635040
3,7,124.0,922560
2,8,72.0,810000
3,9,104.0,811200
6,9,184.0,1368960
3,6,132.0,1050600
6,9,164.0,1279200
6,11,144.0,1088640
4,8,122.0,966240
4,6,142.0,1073520
4,10,102.0,783360
1,8,68.0,497760
1,10,58.0,445440
6,6,202.0,1527120
1,11,32.0,169000
6,9,182.0,1441440
6,10,162.0,1244160
2,7,82.0,610080
2,9,72.0,561600
5,3,83.0,965000
2,11,62.0,468720
6,7,220.0,1689600
6,7,200.0,1608000
6,9,180.0,1404000
5,7,137.0,1019280
5,9,127.0,990600
3,11,83.0,595000
5,11,117.0,884520
2,6,58.0,460000
3,6,122.0,922320
3,8,102.0,807840
3,10,82.0,629760
6,6,182.0,1375920
6,8,162.0,1283040
6,10,142.0,1090560
4,5,140.0,1075200
4,7,120.0,964800
4,9,100.0,780000
1,7,67.0,498480
1,9,57.0,444600
2,6,38.0,180000
3,6,108.0,800000
3,15,95.0,570000
3,1,75.0,456000
1,11,47.0,355320
2,12,60.0,337185
6,5,200.0,1536000
4,3,82.0,750000
5,5,140.0,1100000
3,8,88.0,700000
3,2,70.0,650000
6,7,180.0,1447200
6,9,160.0,1248000
1,7,45.0,240000
2,6,81.0,612360
2,8,71.0,562320
3,5,60.0,370000
2,12,60.0,210000
2,10,61.0,468480
2,11,52.0,548000
2,12,66.0,340000
6,9,218.0,1700400
6,6,198.0,1615680
2,8,92.0,740000
6,8,178.0,1409760
5,6,136.0,1028160
3,15,103.0,680000
5,8,126.0,997920
5,10,116.0,890880
2,14,76.0,524000
3,5,120.0,921600
3,7,100.0,804000
1,11,80.0,520000
3,9,80.0,624000
1,13,57.0,295000
6,9,140.0,1092000
1,17,50.0,330000
6,5,180.0,1382400
1,13,69.0,179000
6,7,160.0,1286400
4,8,98.0,776160
4,8,118.0,962880
4,4,50.0,1076400
1,10,46.0,353280
2,2,60.0,524000
5,2,121.0,1182770
1,3,40.0,300000
3,3,63.0,590000
3,12,110.0,930000
1,10,46.0,235000
3,8,70.0,700000
3,7,106.0,360000
1,4,32.0,307000
2,11,48.0,220000
3,9,50.0,630000
2,5,58.0,420000
2,6,77.0,560000
4,3,65.0,600000
4,3,100.0,680000
2,8,50.0,383387
1,2,43.0,295000
4,2,50.0,627000
2,12,58.0,350000
3,5,90.0,850000
3,8,89.0,440000
4,4,100.0,757000
4,4,80.0,682200
2,3,56.0,380000
3,9,125.0,1315000
3,4,80.0,945000
2,5,50.0,450000
3,4,80.0,680000
3,2,70.0,645000
1,6,66.0,498960
1,4,45.0,350000
1,8,56.0,443520
2,15,55.0,700000
1,5,40.0,115000
1,4,60.0,312000
6,4,198.0,1544400
6,6,178.0,1452480
2,13,64.0,195000
1,6,60.0,376000
6,8,158.0,1251360
3,7,50.0,639000
3,6,137.0,773000
4,17,123.0,1117200
5,13,145.0,917120
3,6,132.0,899000
3,9,116.0,865000
1,5,40.0,300000
1,4,64.0,401000
2,7,80.0,614400
1,2,28.0,353000
2,7,70.0,562800
2,9,60.0,468000
2,3,53.0,360000
6,7,176.0,1415040
1,5,52.0,149000
1,3,50.0,230000
4,7,130.0,940000
3,11,132.0,433000
3,9,80.0,500000
5,4,102.0,749000
3,4,68.0,475000
2,5,58.0,400000
3,7,85.0,700000
2,5,70.0,405000
2,4,55.0,380000
2,2,60.0,512000
2,2,73.0,572000
4,17,122.0,1113000
2,10,110.0,530000
1,8,54.0,190000
3,5,160.0,1003200
3,5,63.0,455000
3,14,113.0,773000
1,13,58.0,297800
4,5,117.0,1000000
4,9,147.0,1938000
6,15,216.0,1529280
6,5,196.0,1622880
5,9,115.0,897000
1,7,58.0,210000
5,5,135.0,1036800
5,7,125.0,1005000
3,6,118.0,920400
3,2,77.0,772000
2,1,76.0,460000
3,5,83.0,649800
3,8,78.0,617760
6,4,178.0,1388400
6,6,158.0,1289280
3,10,131.0,821000
2,8,71.0,526100
6,8,138.0,1092960
2,8,74.0,440000
1,9,40.0,310000
4,15,136.0,962880
4,5,116.0,960480
4,7,96.0,771840
1,5,65.0,499200
1,7,55.0,442200
2,16,56.0,140000
3,5,80.0,650000
2,8,65.0,469000
2,4,56.0,390000
3,2,80.0,695000
2,8,60.0,620000
1,4,35.0,364000
1,4,35.0,365000
1,9,75.0,399999
2,4,70.0,397250
1,11,52.0,267926
1,11,50.0,256000
3,9,80.0,510000
4,5,90.0,495000
5,4,180.0,2260000
2,14,59.0,455000
5,5,100.0,580000
1,13,70.0,530000
3,5,80.0,575000
1,7,42.0,375000
2,5,46.0,290000
2,1,50.0,340000
2,2,60.0,431000
4,5,142.0,1020000
1,1,54.0,310000
1,1,50.0,287000
3,3,80.0,692500
2,13,64.0,189000
1,5,41.0,128000
3,4,80.0,680000
2,20,64.0,115000
1,20,59.0,94000
1,20,41.0,77000
5,4,120.0,850000
2,2,44.0,315000
3,10,100.0,940500
3,2,100.0,600000
2,6,75.0,500000
3,5,109.0,787000
1,6,45.0,376200
3,1,65.0,579
1,9,44.0,310000
3,3,70.0,467000
2,11,63.0,450000
1,2,64.0,349000
3,3,118.0,1400000
3,2,100.0,1700000
2,14,90.0,481000
5,5,165.0,1800000
3,8,97.0,1130000
2,7,93.0,785000
3,10,70.0,486000
2,4,78.0,660000
3,2,61.0,536236
2,2,36.0,390000
3,11,65.0,450000
1,8,37.0,330000
2,16,90.0,419000
2,14,65.0,302000
2,5,69.0,515000
1,13,58.0,277000
3,9,120.0,1200000
2,4,55.0,454000
3,8,89.0,600000
2,3,72.0,565000
3,13,118.0,602000
1,3,25.0,230000
1,3,45.0,400000
1,3,30.0,240000
4,3,65.0,720000
2,3,50.0,600000
3,1,56.0,339000
1,7,50.0,299000
3,4,58.0,565000
3,4,70.0,450000
2,8,50.0,435000
3,3,78.0,739000
3,3,127.0,886000
2,8,90.0,752000
2,4,56.0,400000
2,7,42.0,420000
4,2,288.0,780
2,10,60.0,359000
2,8,78.0,416000
3,18,103.0,495000
3,5,130.0,1185000
2,10,50.0,372000
2,6,59.0,450000
3,2,60.0,350000
2,6,64.0,185000
2,11,43.0,360000
2,10,82.0,400000
2,4,50.0,520000
2,20,55.0,145000
4,2,75.0,640600
3,3,75.0,862000
2,3,52.0,375000
2,2,41.0,495000
3,1,68.0,570000
2,2,50.0,460000
2,8,51.0,463000
2,10,94.0,1048800
3,12,103.0,1011900
2,2,56.0,432000
1,1,35.0,173000
1,9,45.0,351000
6,7,156.0,1254240
2,2,60.0,495000
2,3,60.0,440000
2,8,59.0,467280
2,3,60.0,415000
6,6,174.0,1419840
5,8,114.0,902880
3,7,76.0,611040
6,7,136.0,1093440
2,4,74.0,370000
1,18,63.0,280000
4,6,94.0,767040
5,3,146.0,1050000
2,9,60.0,372900
4,2,80.0,700000
2,13,60.0,600000
3,5,68.0,477000
3,11,97.0,538000
1,11,55.0,244500
3,9,84.0,519800
1,2,27.0,288150
1,1,29.0,35000
2,2,78.0,624250
3,4,75.0,567000
2,3,60.0,519999
3,4,63.0,480000
3,5,69.0,570000
4,1,85.0,740000
2,1,37.0,285000
1,13,56.0,350000
3,9,75.0,795000
1,6,45.0,80000
2,6,60.0,430000
4,4,70.0,700000
2,2,60.0,490000
2,4,48.0,400000
2,13,50.0,760000
1,5,45.0,415000
3,4,121.0,953180
2,15,99.0,683100
2,12,45.0,499000
2,6,82.0,558000
4,4,85.0,740000
3,6,102.0,688000
2,5,65.0,695000
2,2,58.0,665000
3,10,110.0,1589000
1,2,28.0,285000
1,10,80.0,501600
4,1,78.0,687000
4,7,120.0,855000
6,9,320.0,3648000
2,3,50.0,390000
3,7,110.0,690000
2,2,42.0,335000
2,13,78.0,432440
2,13,96.0,575000
4,4,121.0,1191000
2,2,60.0,467000
2,1,48.0,400000
3,13,79.0,465000
3,11,132.0,420320
2,13,50.0,433000
3,7,97.0,750000
3,13,130.0,699000
3,9,116.0,866000
3,15,152.0,835000
2,13,53.0,480000
4,4,75.0,740000
5,4,100.0,1083000
2,12,65.0,280000
3,17,277.0,1200000
3,9,85.0,495000
3,16,115.0,596000
3,13,124.0,515000
2,5,43.0,350000
1,4,50.0,235000
2,1,54.0,420000
1,3,28.0,285000
1,2,37.0,205000
2,4,73.0,508000
1,7,69.0,369700
2,9,69.0,393300
3,8,96.0,547200
3,3,102.0,980000
2,4,50.0,190000
2,14,75.0,428000
1,12,60.0,230500
3,4,96.0,547000
2,8,78.0,328500
3,7,110.0,739999
2,6,45.0,165000
3,3,80.0,800000
3,4,80.0,855000
3,7,74.0,741000
4,3,140.0,1431000
3,14,75.0,569000
2,8,42.0,410400
1,14,55.0,284000
1,12,60.0,447000
4,2,80.0,560000
1,15,40.0,110000
2,9,66.0,355000
3,12,100.0,910000
4,5,80.0,467500
3,7,110.0,1750000
2,14,75.0,860000
1,5,42.0,335000
2,10,64.0,290560
3,1,90.0,376000
1,3,30.0,230000
2,5,43.0,350000
2,8,53.0,605000
2,13,50.0,290000
2,9,65.0,692350
2,10,64.0,580000
3,4,100.0,841000
3,11,103.0,524000
3,10,102.0,370464
2,6,52.0,499000
1,2,47.0,410000
3,1,90.0,376200
1,6,48.0,231840
3,9,148.0,1950000
3,4,80.0,1185000
3,1,66.0,435000
2,4,50.0,400000
4,7,108.0,700000
3,12,127.0,1538000
1,4,50.0,245000
2,17,64.0,159104
1,17,41.0,101926
3,3,80.0,533000
3,13,116.0,1299000
1,10,47.0,240000
2,10,50.0,360000
2,12,110.0,655000
2,13,87.0,640000
4,12,177.0,847000
3,8,117.0,734000
2,2,66.0,550000
2,13,87.0,969000
2,13,54.0,265000
3,1,124.0,537000
3,8,93.0,1026000
3,11,128.0,948500
2,17,60.0,399000
2,17,56.0,377000
3,5,50.0,896000
1,17,83.0,350000
2,3,53.0,456000
2,12,50.0,232675
1,7,57.0,275310
2,2,78.0,444600
1,1,34.0,185000
2,2,54.0,340000
2,1,44.0,410000
3,6,78.0,820000
3,1,70.0,450000
4,3,90.0,830000
5,3,102.0,865000
3,14,77.0,798000
5,3,100.0,600000
2,16,68.0,335000
4,1,100.0,750000
4,8,152.0,980000
1,3,50.0,232675
3,4,120.0,899000
3,6,50.0,700
2,6,70.0,480000
3,8,100.0,1300000
1,11,40.0,390000
1,7,52.0,660000
3,7,74.0,735000
3,3,80.0,693000
2,18,100.0,435000
2,10,51.0,329000
2,10,78.0,489000
2,3,75.0,491000
1,14,60.0,306000
1,16,68.0,340000
1,1,30.0,285000
3,2,64.0,491234
2,8,64.0,460000
2,6,48.0,495000
2,2,65.0,670800
2,2,57.0,500000
3,4,68.0,531100
4,7,150.0,1600000
2,8,46.0,435000
2,16,103.0,645000
3,3,55.0,565000
3,13,79.0,476000
3,4,60.0,470000
2,11,90.0,513000
2,5,64.0,180000
3,0,50.0,410000
3,8,65.0,350000
2,1,35.0,337000
2,1,35.0,339000
2,5,60.0,445000
2,6,56.0,315000
2,4,55.0,397200
1,1,43.0,360000
2,12,74.0,848000
2,4,52.0,576000
1,17,42.0,107000
2,7,48.0,200000
2,4,75.0,365437
4,4,90.0,799000
2,5,71.0,715000
2,1,35.0,337000
1,15,65.0,4500
2,3,60.0,400000
2,3,46.0,480000
1,4,36.0,300000
2,8,56.0,195000
1,3,50.0,295000
3,1,58.0,290000
2,4,45.0,240000
3,2,63.0,620000
2,10,50.0,250000
3,15,92.0,460000
2,8,96.0,870000
1,8,61.0,360000
1,8,50.0,220000
4,4,115.0,800000
4,3,90.0,800000
1,14,45.0,252000
2,5,47.0,400000
2,11,73.0,240000
3,8,89.0,640000
3,5,86.0,700000
6,5,172.0,1400000
2,3,50.0,550000
5,1,50.0,850000
5,1,100.0,855000
2,2,38.0,400000
1,1,44.0,450000
3,6,65.0,490000
3,15,88.0,345000
2,5,42.0,124000
2,4,50.0,486780
4,8,140.0,950000
1,1,30.0,170000
5,5,91.0,634000
1,12,85.0,490000
2,1,50.0,580000
2,1,50.0,580000
3,5,132.0,1199000
2,0,45.0,260000
2,11,51.0,525000
3,4,48.0,295000
3,4,54.0,710000
2,2,34.0,340000
2,11,72.0,643700
4,5,105.0,850000
1,4,50.0,240000
1,1,30.0,260000
3,11,52.0,399000
4,4,90.0,730000
2,6,50.0,180000
3,5,115.0,960000
4,3,125.0,999000
3,2,50.0,780000
3,12,120.0,955000
2,8,44.0,445000
1,4,34.0,280000
2,1,45.0,395330
4,3,110.0,818645
2,6,74.0,735000
4,5,77.0,900000
2,9,50.0,299999
3,2,71.0,570000
3,5,107.0,52000
5,9,137.0,1021500
1,3,64.0,583999
2,4,54.0,370000
2,7,65.0,320000
1,9,42.0,21000
4,4,80.0,513000
3,7,82.0,289000
2,2,55.0,310000
2,20,50.0,200000
1,14,57.0,17000
3,3,50.0,600000
3,4,73.0,264300
3,2,100.0,650000
3,5,96.0,690000
2,4,72.0,470000
2,2,60.0,500000
2,2,38.0,300000
2,3,80.0,600000
2,1,54.0,406000
2,15,91.0,325000
2,2,66.0,550000
2,1,60.0,415000
3,16,222.0,1999000
2,7,67.0,390000
2,10,105.0,770000
3,5,50.0,1191750
1,12,70.0,530000
3,2,70.0,882000
1,14,53.0,290000
1,9,64.0,290000
3,2,80.0,750000
2,15,111.0,570000
2,11,76.0,390000
1,12,58.0,320000
3,10,108.0,550000
3,4,65.0,520000
2,1,67.0,600000
3,11,72.0,445000
3,5,52.0,500000
2,8,50.0,548000
4,12,185.0,2260000
3,15,140.0,710000
1,3,33.0,290000
2,9,65.0,413655
3,2,100.0,990000
4,4,100.0,853500
2,12,72.0,456000
2,15,65.0,798000
1,4,38.0,180000
3,5,86.0,637280
2,11,66.0,340000
3,2,110.0,1386000
4,5,95.0,650000
4,5,80.0,476000
4,3,85.0,470000
2,1,38.0,273000
3,1,56.0,450000
3,11,76.0,360000
1,5,40.0,366400
3,10,65.0,741000
2,11,111.0,689800
5,3,97.0,855000
2,6,68.0,624250
2,7,76.0,524400
2,10,75.0,684000
4,5,127.0,862000
3,2,114.0,570000
1,4,40.0,300000
2,5,110.0,627000
3,1,56.0,450000
2,7,50.0,389000
2,3,55.0,510500
3,5,68.0,455000
2,9,60.0,533000
4,2,120.0,1328000
5,6,183.0,1921000
3,7,97.0,450000
2,1,56.0,422000
1,15,56.0,400000
2,3,46.0,220000
2,11,50.0,565000
3,4,110.0,665000
3,14,107.0,520000
4,5,85.0,456000
2,17,68.0,139500
4,3,80.0,580000
2,8,80.0,582000
2,3,54.0,385000
2,10,51.0,362000
4,4,70.0,500000
3,1,57.0,470000
3,8,65.0,490000
4,3,126.0,1200000
1,5,50.0,180000
2,4,38.0,296000
3,8,75.0,510000
1,2,50.0,150000
3,3,70.0,780000
4,3,100.0,830000
3,5,80.0,900000
1,9,50.0,400000
2,1,41.0,238100
1,3,50.0,325000
2,3,50.0,817000
1,3,40.0,195000
1,11,55.0,165000
3,6,191.0,2850000
3,1,64.0,500000
2,7,67.0,600000
2,14,67.0,580000
3,2,90.0,800000
3,6,120.0,430000
1,6,35.0,245000
2,1,50.0,400000
2,2,37.0,428000
2,9,60.0,250000
5,6,95.0,695000
1,6,46.0,280000
3,15,82.0,470000
2,17,55.0,130000
2,1,32.0,135500
1,11,57.0,300000
2,9,58.0,456000
4,3,66.0,734000
1,1,64.0,599999
4,4,82.0,757000
1,14,58.0,260000
1,2,34.0,295000
1,9,64.0,310000
2,10,97.0,8700
4,1,70.0,550000
1,3,64.0,600000
1,19,41.0,150000
3,7,75.0,620000
1,10,55.0,309000
2,6,97.0,800000
4,1,70.0,550000
3,4,89.0,747500
4,5,148.0,1115600
3,5,110.0,680000
1,4,43.0,440000
1,1,24.0,295000
3,1,46.0,360000
2,2,55.0,465000
3,4,70.0,456000
3,14,71.0,299000
2,3,52.0,280000
3,4,65.0,678000
3,5,108.0,806436
1,10,54.0,220000
4,2,100.0,570000
2,3,63.0,300000
2,4,50.0,225000
3,16,50.0,560000
3,3,90.0,580000
2,4,80.0,450000
1,0,28.0,165000
2,14,60.0,470000
1,4,62.0,350000
2,15,63.0,520000
2,13,79.0,500000
4,2,85.0,753000
3,4,83.0,699999
2,4,45.0,319000
2,4,58.0,393000
3,5,68.0,445000
2,4,55.0,370000
1,3,30.0,250000
1,7,56.0,355000
1,9,50.0,360000
2,9,56.0,445000
2,2,60.0,500000
2,2,60.0,430000
1,11,58.0,340000
2,7,86.0,570000
3,4,50.0,330000
6,11,200.0,2200000
3,2,64.0,479000
1,12,75.0,485000
1,1,25.0,250000
2,9,72.0,510000
2,5,71.0,414000
5,8,115.0,600000
1,9,43.0,319000
3,10,63.0,700000
3,7,130.0,1413000
3,3,83.0,525000
1,9,67.0,402000
1,10,103.0,760000
2,11,37.0,380000
3,12,143.0,850000
2,7,64.0,474000
2,6,63.0,567000
2,8,77.0,741000
2,12,69.0,337000
1,2,41.0,400000
3,2,74.0,600000
3,4,50.0,410000
1,11,27.0,235000
2,16,54.0,480000
1,8,65.0,375000
1,11,37.0,380000
3,2,68.0,520000
1,9,50.0,340000
2,12,58.0,550000
4,12,320.0,1710000
2,6,54.0,290000
1,4,45.0,2000
2,10,116.0,1454640
3,1,72.0,500000
1,10,37.0,390000
3,4,74.0,476000
1,4,48.0,245000
1,9,51.0,377000
1,6,54.0,290000
1,8,47.0,450000
3,4,75.0,620000
2,3,48.0,310000
2,3,50.0,2750000
1,1,50.0,300000
2,2,48.0,270000
5,2,95.0,720000
2,5,66.0,350000
2,5,51.0,498000
4,3,78.0,580000
4,6,77.0,513000
3,6,195.0,1067000
2,1,54.0,416000
2,13,45.0,280000
3,9,98.0,1070000
1,12,60.0,280000
3,15,111.0,450
1,16,40.0,130000
2,12,45.0,547000
2,4,50.0,532000
1,3,42.0,290000
2,4,91.0,624000
2,13,64.0,365000
3,4,56.0,370000
3,1,57.0,707000
3,11,68.0,420000
2,12,88.0,462000
2,12,50.0,709000
3,5,104.0,567000
1,5,38.0,250000
3,16,118.0,738000
4,5,101.0,604000
2,14,80.0,593000
4,4,76.0,600000
3,3,48.0,350000
2,4,48.0,410000
2,3,58.0,420000
2,12,62.0,260000
3,5,50.0,400000
2,8,60.0,650000
2,6,64.0,775000
3,9,90.0,737750
2,10,55.0,360000
2,8,40.0,387600
2,3,48.0,210000
2,8,50.0,315000
5,1,110.0,700000
3,12,120.0,900000
2,8,77.0,705000
2,2,56.0,499999
2,15,59.0,369000
3,9,98.0,1104000
3,13,174.0,986000
4,5,141.0,962000
3,11,85.0,1106000
2,10,65.0,747000
2,5,105.0,1026000
4,14,140.0,719000
3,13,136.0,743261
3,8,94.0,1368000
2,3,84.0,1049000
4,5,134.0,1254000
4,3,267.0,4900000
4,1,70.0,564300
3,1,70.0,420000
2,6,60.0,369999
1,2,24.0,245000
3,14,71.0,299000
2,3,58.0,509000
1,3,30.0,250000
4,6,85.0,747120
3,2,96.0,700000
6,9,370.0,3400000
3,15,77.0,600000
3,2,75.0,850000
4,6,100.0,630000
2,11,58.0,270000
2,5,62.0,320000
2,3,84.0,900000
1,16,50.0,130000
3,4,100.0,930000
2,14,50.0,320000
2,9,64.0,312000
4,2,85.0,625000
1,6,52.0,423000
1,7,50.0,200000
4,6,112.0,573000
3,7,78.0,600000
3,8,86.0,565000
4,4,74.0,670000
2,14,57.0,165000
3,7,50.0,599999
2,5,55.0,400000
2,6,63.0,388000
3,9,76.0,680000
2,6,80.0,855000
2,2,53.0,550000
1,2,30.0,325000
2,4,45.0,452000
3,4,65.0,512000
2,6,80.0,855000
2,2,55.0,400000
3,1,90.0,600000
1,10,56.0,332000
2,14,54.0,555000
3,2,75.0,730000
3,6,76.0,471755
3,9,75.0,450300
2,4,45.0,399000
2,11,75.0,467400
3,8,78.0,421800
2,9,54.0,454800
2,17,86.0,630000
1,16,59.0,145000
1,2,32.0,185000
2,8,56.0,285000
2,7,50.0,388000
2,7,71.0,456000
1,2,37.0,205000
3,4,60.0,599000
3,2,67.0,509516
2,2,62.0,621500
3,11,104.0,550000
2,15,75.0,369000
2,8,74.0,397000
3,8,91.0,498000
2,15,82.0,598000
2,15,75.0,369000
2,1,67.0,480000
1,1,25.0,200000
1,12,59.0,459000
3,8,52.0,335000
3,2,68.0,495000
1,12,60.0,280000
3,2,70.0,830000
3,9,50.0,560000
2,8,47.0,340000
2,5,70.0,496990
3,10,64.0,308000
2,3,55.0,420000
2,5,104.0,767000
4,17,140.0,630000
2,4,44.0,248000
2,4,50.0,195000
4,13,120.0,846000
2,4,45.0,320000
2,6,84.0,600000
3,3,71.0,570000
2,5,75.0,295554
1,3,40.0,200000
2,5,48.0,141000
2,10,53.0,271000
2,4,68.0,350000
3,4,82.0,467000
1,8,45.0,205200
1,4,42.0,410999
2,2,52.0,400000
2,8,46.0,425000
3,12,107.0,1128000
3,4,130.0,1138000
3,13,90.0,875000
3,12,100.0,933000
2,3,70.0,524000
3,7,70.0,735000
3,14,66.0,380000
1,4,45.0,300000
3,3,64.0,650000
2,2,58.0,508500
3,10,90.0,1073500
2,9,79.0,490000
2,7,46.0,277500
2,2,40.0,230000
2,10,70.0,358000
5,2,90.0,750000
3,2,55.0,680000
2,8,52.0,450000
1,3,45.0,280000
2,5,60.0,460000
2,4,56.0,437000
2,13,62.0,385000
2,13,62.0,385000
2,13,75.0,400000
2,7,73.0,615000
3,4,50.0,900000
2,2,60.0,450000
3,7,81.0,600000
2,7,61.0,790000
2,4,48.0,230000
2,3,38.0,350000
2,2,65.0,650000
4,4,101.0,1000000
1,8,45.0,300000
4,8,100.0,712000
2,6,80.0,920000
2,9,107.0,512100
1,9,53.0,420000
3,8,96.0,960000
2,15,80.0,365000
1,9,60.0,280000
5,5,97.0,909000
3,8,87.0,570000
3,8,112.0,1026000
3,6,115.0,830000
4,6,105.0,718000
2,11,75.0,467400
1,13,91.0,446000
5,1,97.0,682000
3,4,75.0,627000
1,4,42.0,285000
2,1,57.0,399000
3,11,100.0,909000
2,3,75.0,558000
2,16,73.0,460000
2,4,52.0,250000
2,14,116.0,728370
2,4,58.0,393000
3,1,60.0,298000
2,3,50.0,232675
1,6,48.0,229000
1,3,46.0,3500
3,8,102.0,410000
2,4,64.0,583680
5,3,150.0,1207500
5,7,113.0,831680
1,8,50.0,350000
2,3,55.0,416000
6,18,170.0,1173000
2,4,48.0,400000
6,18,191.0,1317900
2,7,60.0,585000
3,9,65.0,549600
1,5,45.0,476000
1,9,43.0,308000
4,8,150.0,1242000
3,10,97.0,970000
2,2,55.0,415000
2,4,58.0,372000
2,4,54.0,353000
3,2,70.0,530000
4,5,78.0,547000
2,9,68.0,550400
3,2,54.0,380000
3,1,50.0,485000
1,10,60.0,530000
4,4,74.0,534000
2,12,72.0,340000
4,1,80.0,750000
2,3,57.0,450000
1,11,56.0,341000
2,4,52.0,363000
2,1,48.0,380000
3,9,90.0,650000
3,6,112.0,1254000
1,12,89.0,1017000
3,2,70.0,623000
1,9,56.0,340000
2,16,67.0,366000
2,8,62.0,558000
1,11,44.0,456000
1,16,59.0,280000
3,5,110.0,690000
1,15,64.0,431000
2,6,86.0,1080000
2,8,88.0,703000
2,1,40.0,260000
1,2,25.0,220000
1,4,31.0,283000
1,3,50.0,156000
3,5,76.0,587000
1,9,46.0,285000
2,4,34.0,320000
2,7,52.0,400000
3,8,54.0,480000
2,7,45.0,360000
2,11,50.0,340000
1,5,52.0,500000
4,12,120.0,881400
4,3,80.0,655400
2,11,87.0,700000
3,1,53.0,450000
2,2,55.0,480000
3,5,110.0,1020000
2,4,43.0,345000
2,6,70.0,462840
2,2,52.0,495000
5,3,100.0,865000
2,13,62.0,397000
3,11,63.0,450000
5,1,125.0,1280000
3,12,75.0,400000
1,14,62.0,250000
1,4,58.0,385000
3,8,50.0,685000
2,13,50.0,400000
2,14,75.0,340000
2,14,55.0,449000
2,1,53.0,374500
2,7,50.0,245000
1,8,50.0,460000
4,6,90.0,850000
2,4,42.0,304999
2,5,53.0,309999
2,1,40.0,399000
5,3,120.0,700000
3,2,63.0,450000
3,2,80.0,604800
1,4,28.0,445000
3,1,70.0,547000
1,5,48.0,138000
2,5,52.0,420000
2,6,44.0,372000
2,2,48.0,360000
4,5,120.0,740000
2,2,37.0,295000
4,2,80.0,644000
3,3,68.0,665000
2,11,62.0,545000
3,10,81.0,798000
2,10,90.0,490000
1,2,60.0,370000
2,8,65.0,400000
5,4,70.0,575000
2,11,96.0,496800
3,10,154.0,862000
2,4,78.0,644000
2,2,47.0,440000
1,2,50.0,400000
2,12,46.0,305000
2,11,125.0,1150000
4,4,85.0,530000
2,2,60.0,445000
3,3,103.0,800000
1,1,42.0,385000
2,2,60.0,445000
3,1,53.0,570000
2,9,54.0,444600
2,5,51.0,630000
2,3,57.0,450000
2,2,57.0,416100
3,2,61.0,650000
3,3,125.0,1400000
3,5,65.0,420000
2,9,65.0,270000
3,5,114.0,800000
3,1,118.0,1335760
2,8,60.0,341400
1,15,41.0,150000
3,6,97.0,780000
2,17,97.0,669300
2,10,53.0,271000
1,8,53.0,210000
3,11,132.0,435000
5,1,87.0,670000
2,1,45.0,259000
2,15,83.0,429525
3,8,87.0,720000
1,8,54.0,533000
4,7,180.0,1600000
2,13,46.0,673000
2,1,79.0,471000
3,15,95.0,580000
2,15,81.0,370000
3,6,96.0,965000
2,2,84.0,350000
2,9,75.0,430000
2,4,87.0,790000
2,1,68.0,500000
3,9,110.0,1450000
1,9,57.0,354500
2,5,56.0,320000
2,12,82.0,520000
1,3,37.0,250000
3,12,67.0,500000
3,1,70.0,445000
2,9,68.0,320000
3,2,70.0,545000
1,11,50.0,320000
5,10,139.0,943120
2,4,52.0,367000
1,5,68.0,386000
1,4,55.0,442750
3,2,80.0,780000
3,3,80.0,592800
3,10,90.0,665000
2,14,83.0,570000
2,14,75.0,307000
1,9,45.0,350000
3,1,72.0,358000
3,9,125.0,1020000
1,12,72.0,320000
3,3,107.0,640000
2,1,54.0,385000
4,5,103.0,581950
3,4,96.0,1313000
3,4,50.0,1183350
2,7,75.0,700000
5,3,90.0,650000
3,9,90.0,648000
1,4,30.0,260000
2,4,88.0,685000
5,1,110.0,615000
2,1,58.0,380000
4,9,90.0,456000
3,1,72.0,650000
4,4,132.0,1650000
4,11,75.0,339000
1,4,32.0,265000
1,14,55.0,326040
3,6,62.0,500000
1,3,44.0,196000
3,15,132.0,785000
2,1,43.0,590000
2,10,94.0,972000
3,11,112.0,650000
2,9,65.0,550000
2,8,75.0,422000
2,14,72.0,400000
3,13,53.0,350000
3,3,115.0,999000
1,14,59.0,225900
2,9,43.0,165000
2,13,118.0,538000
3,11,117.0,1710000
3,4,112.0,894000
1,12,70.0,477000
3,4,122.0,1322500
3,7,94.0,855000
4,1,80.0,690000
4,2,87.0,630000
2,1,42.0,490000
2,4,78.0,640000
2,9,59.0,547000
3,3,73.0,450000
2,6,83.0,720000
2,14,108.0,730000
2,12,79.0,452000
2,1,50.0,520000
3,7,100.0,880000
1,4,45.0,145000
2,14,56.0,418000
1,11,50.0,234000
3,5,50.0,45000
5,1,50.0,420000
2,8,69.0,390000
2,4,60.0,500000
2,11,52.0,550000
3,4,57.0,490000
2,4,70.0,460000
3,4,70.0,460000
2,4,75.0,460000
1,6,57.0,220000
3,8,86.0,530000
1,7,60.0,339000
4,3,131.0,850000
2,10,74.0,420000
2,12,64.0,630000
4,3,80.0,737000
3,10,132.0,1000000
1,5,50.0,145000
2,13,44.0,300000
3,6,106.0,397000
2,9,73.0,720000
4,2,70.0,690000
3,14,50.0,330000
3,1,65.0,450000
2,12,85.0,500000
2,13,50.0,760000
3,5,114.0,1185000
4,1,108.0,487000
1,3,43.0,415000
3,1,68.0,470000
3,1,70.0,536000
3,4,100.0,970000
2,2,79.0,363000
1,7,50.0,218000
2,6,54.0,366000
3,8,85.0,545000
1,12,43.0,380000
2,7,58.0,542400
2,12,50.0,380000
2,10,72.0,670000
3,6,64.0,499000
2,5,78.0,435000
2,3,58.0,260000
3,9,98.0,1368000
2,12,50.0,380000
2,7,95.0,660000
4,4,65.0,612700
3,10,117.0,1200420
3,11,120.0,1603000
1,3,49.0,580000
2,5,70.0,700000
2,4,86.0,440000
2,14,58.0,255000
1,15,52.0,360000
2,7,45.0,350000
2,3,80.0,740000
1,9,55.0,420000
1,1,30.0,260000
2,7,50.0,495000
6,15,186.0,1283400
2,4,72.0,500000
1,4,60.0,342500
3,9,70.0,360000
2,2,90.0,800000
1,5,61.0,240000
2,14,52.0,452220
2,14,54.0,370000
2,9,65.0,330000
2,3,58.0,490000
1,8,60.0,270000
1,8,67.0,305500
2,8,73.0,1007000
2,13,46.0,625000
4,3,115.0,1140000
3,4,55.0,430000
2,12,95.0,541500
2,1,38.0,390000
2,13,60.0,600000
2,9,107.0,604000
1,7,62.0,419000
2,10,88.0,768000
2,8,76.0,370918
2,9,50.0,320000
3,5,74.0,330000
5,1,100.0,695005
2,8,55.0,403655
3,7,85.0,545605
4,11,176.0,900540
1,9,47.0,599000
3,9,84.0,545000
1,10,60.0,285000
2,15,60.0,360000
3,4,66.0,520000
2,16,83.0,655000
3,9,83.0,610000
3,1,50.0,400000
3,5,85.0,712000
4,16,121.0,590000
4,4,90.0,775000
2,7,73.0,390000
1,2,33.0,169290
1,8,48.0,410000
2,4,58.0,435000
2,2,65.0,580000
3,2,70.0,535000
1,1,35.0,348000
3,1,53.0,621500
3,3,78.0,875000
3,5,50.0,835000
4,2,84.0,690000
3,1,75.0,465000
2,9,54.0,445000
3,4,75.0,900000
1,10,49.0,375000
3,1,110.0,410000
3,2,110.0,1000000
3,14,75.0,570000
1,6,32.0,145000
3,6,75.0,520000
3,9,106.0,1135000
2,2,48.0,479000
4,3,135.0,1282550
4,9,148.0,1884100
4,5,65.0,470000
2,8,56.0,290000
3,6,86.0,800000
1,18,41.0,120000
2,13,54.0,615600
3,2,105.0,1082000
3,4,65.0,655000
4,7,90.0,615600
2,14,83.0,593024
3,12,131.0,777500
2,14,54.0,567500
3,3,80.0,693500
3,8,85.0,626000
3,3,100.0,859000
2,1,60.0,538000
4,2,82.0,685000
2,4,37.0,395000
3,12,89.0,950000
3,5,103.0,750000
2,8,60.0,615000
3,1,50.0,513000
2,4,52.0,445000
3,1,54.0,410400
2,4,54.0,320000
1,7,54.0,380000
2,1,54.0,700000
1,12,63.0,299000
2,3,36.0,280000
2,3,36.0,280000
1,13,60.0,408000
1,6,40.0,160000
2,5,78.0,410000
2,6,86.0,660000
4,7,150.0,950000
2,3,96.0,750000
3,6,130.0,1500000
2,1,54.0,416000
1,4,33.0,320000
2,4,100.0,1824000
3,5,86.0,912000
3,12,66.0,862500
3,12,143.0,855140
2,5,65.0,337000
3,5,75.0,476000
2,7,50.0,430000
1,18,75.0,517500
1,10,60.0,272400
3,7,102.0,903000
3,1,200.0,1707000
1,2,34.0,295000
2,3,50.0,297000
3,12,78.0,680000
4,8,100.0,678000
2,3,68.0,354000
4,9,147.0,1930000
1,4,63.0,485000
1,11,60.0,479000
3,6,108.0,923000
3,8,116.0,741000
2,8,75.0,513000
3,11,81.0,798000
3,4,65.0,500000
2,13,74.0,440000
2,14,83.0,473000
2,10,50.0,567000
1,2,47.0,390000
1,19,50.0,150000
1,3,35.0,290000
3,9,76.0,420000
3,7,120.0,1150000
2,14,56.0,422000
4,5,80.0,1150000
3,4,140.0,821100
1,7,44.0,260000
3,2,56.0,501600
1,10,62.0,320000
2,11,81.0,280000
3,6,107.0,355000
2,2,72.0,475000
3,5,110.0,990000
2,4,48.0,270000
2,14,64.0,199000
3,4,70.0,550000
2,14,62.0,530000
1,17,44.0,280000
1,11,52.0,299000
2,2,42.0,455000
2,1,70.0,5505000
1,8,50.0,340500
3,11,64.0,555000
2,2,64.0,320000
3,4,67.0,445000
4,1,65.0,508500
2,6,45.0,449000
4,2,93.0,630000
2,10,50.0,240000
3,16,78.0,371100
3,4,86.0,600000
1,5,32.0,250000
2,7,50.0,228000
2,2,65.0,485000
3,16,80.0,373000
1,9,38.0,250000
2,15,56.0,422000
2,3,53.0,267000
3,1,54.0,490000
4,7,130.0,1750000
3,4,45.0,300000
1,2,30.0,290000
3,3,47.0,520000
2,9,72.0,460000
2,2,38.0,360000
4,4,80.0,695000
2,11,50.0,550000
3,7,78.0,785000
2,2,47.0,350000
2,5,55.0,385000
2,4,50.0,250000
3,1,70.0,650000
3,2,44.0,380000
4,5,63.0,495000
2,7,55.0,565500
1,4,46.0,250000
2,3,65.0,350000
1,8,44.0,450000
3,9,50.0,390000
2,8,50.0,280000
3,3,92.0,698000
3,4,56.0,430200
2,6,60.0,470000
2,6,42.0,1800000
2,6,58.0,330000
3,6,70.0,530000
2,8,56.0,360000
4,6,111.0,720000
1,6,35.0,300000
3,4,57.0,475000
2,14,56.0,421000
4,4,76.0,670000
3,4,72.0,542000
2,15,52.0,370000
1,11,67.0,404000
2,11,68.0,633000
5,4,78.0,590000
2,7,67.0,335000
2,5,52.0,405000
1,4,65.0,419000
1,11,68.0,347000
2,2,36.0,290000
2,5,50.0,410000
3,4,60.0,580555
3,4,68.0,610000
1,17,46.0,236000
3,9,125.0,1305000
2,8,85.0,900000
2,3,40.0,340000
1,4,43.0,295000
1,4,27.0,200000
3,4,65.0,610000
3,1,50.0,250000
1,13,43.0,306000
3,12,146.0,946000
3,4,80.0,800000
1,7,43.0,350000
4,4,75.0,565000
1,2,23.0,220000
3,2,120.0,1290300
3,7,97.0,713920
2,2,60.0,627000
2,9,50.0,335000
2,1,42.0,270000
4,6,90.0,700000
3,2,50.0,604000
3,2,74.0,625000
2,9,50.0,455000
2,5,45.0,170000
2,4,91.0,595000
3,10,83.0,398000
2,6,43.0,167000
1,2,32.0,155000
4,10,143.0,970250
3,7,83.0,610880
2,4,54.0,399000
2,12,70.0,340000
5,10,116.0,787060
2,2,50.0,270000
2,1,60.0,410000
2,15,67.0,360000
1,3,34.0,170000
5,14,123.0,848700
1,3,32.0,175000
1,6,32.0,215000
1,2,40.0,165000
3,4,80.0,540000
2,2,52.0,240000
2,6,45.0,170000
2,2,50.0,175000
5,4,94.0,699999
3,2,63.0,450000
4,10,140.0,590000
5,16,113.0,779700
3,12,136.0,1080000
4,12,185.0,2230000
2,7,42.0,225000
2,7,67.0,375000
1,4,34.0,320000
1,1,29.0,320000
2,12,88.0,570000
2,7,80.0,580000
3,1,77.0,569000
3,20,128.0,1368000
2,15,95.0,535000
1,11,74.0,460000
2,18,96.0,662400
1,14,74.0,510600
2,11,53.0,678000
2,4,85.0,1300000
3,2,62.0,598900
2,12,64.0,289280
3,4,67.0,520000
1,14,64.0,254240
1,1,40.0,421800
2,3,56.0,420000
2,2,67.0,454800
3,12,80.0,591245
2,12,83.0,445000
2,7,65.0,690000
1,18,64.0,331000
1,6,86.0,745000
1,8,64.0,478400
3,2,131.0,1035000
4,15,218.0,1880000
4,5,125.0,862000
4,8,120.0,690000
2,2,51.0,445000
2,14,98.0,617000
2,2,60.0,500000
2,11,79.0,576000
3,4,68.0,535000
3,2,78.0,558000
1,5,50.0,370000
3,3,57.0,500000
3,5,63.0,455000
3,7,100.0,740000
3,3,68.0,501600
4,1,80.0,650000
3,14,101.0,420000
2,3,65.0,570000
4,2,140.0,1564000
3,6,100.0,852000
3,2,115.0,1134000
6,10,200.0,1560000
1,9,49.0,250268
3,5,75.0,627000
1,13,54.0,342000
2,4,55.0,535800
2,14,77.0,456456
3,2,90.0,684000
4,8,100.0,694180
2,6,74.0,647520
3,12,76.0,475000
3,7,70.0,741000
3,4,60.0,473000
2,3,75.0,558600
2,4,45.0,415370
3,2,74.0,649800
2,15,50.0,512100
2,16,50.0,604000
3,3,174.0,1225500
3,9,93.0,513000
2,12,82.0,990000
2,10,90.0,1350000
2,5,54.0,558000
3,18,145.0,1653000
3,8,100.0,779000
4,11,140.0,798000
3,4,70.0,580000
1,8,45.0,349000
4,3,150.0,2025000
3,3,108.0,1360000
2,10,50.0,549000
3,11,81.0,399000
3,11,107.0,676800
3,4,60.0,466000
3,1,63.0,545000
2,1,65.0,357000
3,10,102.0,370464
3,4,65.0,520000
5,9,50.0,689700
5,2,100.0,750000
2,5,77.0,420000
2,3,45.0,430000
1,3,40.0,417000
2,2,64.0,440000
3,2,68.0,680000
2,2,44.0,385000
3,8,85.0,720000
1,5,48.0,341000
2,12,105.0,1244000
5,3,50.0,840000
2,12,54.0,450000
2,11,63.0,287280
3,10,108.0,670000
3,15,50.0,504906
3,5,87.0,900000
3,9,90.0,788900
2,3,58.0,813600
2,3,90.0,1231200
2,3,90.0,1231200
3,11,130.0,889200
3,5,80.0,627000
3,12,73.0,410000
2,3,50.0,225325
2,1,40.0,355000
4,5,76.0,550000
2,4,51.0,499000
1,1,35.0,260000
2,3,68.0,390000
4,4,85.0,570000
2,3,49.0,175000
2,5,80.0,290000
1,7,50.0,110000
2,10,81.0,810000
3,1,52.0,510000
1,2,32.0,210000
2,4,55.0,560000
2,2,48.0,435000
2,2,36.0,375000
4,6,185.0,2000000
2,11,76.0,638400
3,6,112.0,1254000
3,4,112.0,880000
3,11,93.0,250000
3,9,114.0,389880
2,2,54.0,265000
2,8,60.0,470000
5,15,255.0,2950000
2,3,52.0,522000
3,7,138.0,1271000
2,8,58.0,562000
2,14,62.0,319000
5,8,114.0,800000
2,9,75.0,595000
1,12,45.0,203000
4,5,50.0,1550000
1,8,60.0,310000
2,2,40.0,170000
3,9,107.0,1197000
2,5,56.0,300000
1,15,42.0,220000
2,2,78.0,638000
2,13,69.0,195000
3,3,96.0,853000
2,16,63.0,310000
2,18,96.0,420000
2,10,114.0,650000
2,4,40.0,340000
4,4,86.0,570000
2,7,50.0,240000
1,4,50.0,175000
5,15,118.0,814200
2,7,89.0,655040
5,18,103.0,710700
4,1,80.0,565000
3,15,63.0,520000
3,3,57.0,450000
2,16,67.0,277000
3,6,98.0,799680
2,2,36.0,280000
1,2,30.0,340000
1,5,47.0,350000
2,4,60.0,420000
3,6,80.0,965000
1,10,50.0,220000
3,12,50.0,900000
3,4,97.0,750000
4,2,130.0,1280530
4,4,170.0,1415000
2,20,55.0,160000
2,2,50.0,440000
2,5,52.0,325000
3,19,143.0,648000
3,1,50.0,218000
2,6,64.0,380000
5,13,172.0,1107680
5,17,108.0,745200
3,9,70.0,385000
1,7,55.0,230000
3,9,92.0,848000
2,10,90.0,698000
3,2,130.0,1270750
2,12,74.0,650000
2,6,76.0,480000
3,11,90.0,536000
3,10,118.0,800630
1,7,64.0,471040
2,6,50.0,243000
1,1,33.0,240000
4,10,119.0,807420
2,3,50.0,250000
2,2,50.0,330000
2,9,54.0,649900
2,3,47.0,434000
2,3,37.0,370000
2,3,75.0,548000
2,9,141.0,835000
3,9,164.0,970000
2,9,95.0,565000
1,4,33.0,320000
5,1,90.0,680000
1,6,51.0,434000
4,9,104.0,620000
3,6,117.0,333000
2,3,60.0,650000
2,3,108.0,570000
3,6,82.0,320000
3,3,62.0,536700
5,8,209.0,1243000
2,2,40.0,340000
2,3,53.0,700000
4,4,100.0,700000
3,8,83.0,800000
3,5,114.0,1130000
3,8,84.0,570000
3,13,78.0,670000
3,3,90.0,685000
3,6,136.0,1116000
1,4,48.0,460000
5,1,96.0,695000
3,4,56.0,490000
3,3,54.0,533000
3,2,107.0,1130000
3,3,87.0,810000
2,7,77.0,566720
2,8,76.0,625000
2,6,50.0,255000
1,7,58.0,210000
1,6,58.0,363660
2,9,96.0,547200
1,16,58.0,264480
1,13,58.0,297540
2,4,60.0,420000
2,7,71.0,316000
3,13,74.0,500000
1,4,37.0,189810
1,10,41.0,186960
2,1,46.0,330000
4,8,90.0,770000
2,1,60.0,370500
1,3,42.0,331000
2,5,58.0,399000
1,8,49.0,398000
2,5,86.0,546000
2,2,60.0,454000
2,4,55.0,510000
2,9,56.0,440000
3,6,76.0,472000
2,3,58.0,480000
1,5,57.0,334000
1,10,59.0,149999
6,11,320.0,1490000
4,5,80.0,477500
2,14,77.0,320000
3,3,80.0,592000
3,6,120.0,763000
2,0,52.0,250000
3,10,64.0,315000
2,6,50.0,305000
1,6,50.0,510000
4,2,84.0,630000
2,3,52.0,285000
1,13,50.0,335000
2,11,82.0,230000
4,3,76.0,680000
2,13,99.0,584000
2,6,72.0,798000
3,16,112.0,536000
1,5,50.0,155000
2,8,68.0,775000
3,11,96.0,1380000
1,7,49.0,475000
3,7,120.0,1159200
1,10,56.0,332000
4,10,133.0,1596000
1,4,33.0,320000
4,1,65.0,600000
2,5,60.0,450000
4,12,117.0,700000
2,13,71.0,400000
4,1,72.0,500000
2,11,50.0,300000
3,3,138.0,1718000
2,7,50.0,550000
2,5,50.0,515000
2,7,88.0,740000
3,2,94.0,525000
2,12,125.0,1824000
2,10,50.0,550000
5,1,80.0,640000
2,6,71.0,809400
2,4,48.0,380000
4,2,84.0,690000
4,7,108.0,720000
3,5,81.0,477000
4,14,118.0,750000
3,5,50.0,515000
2,12,78.0,492350
1,11,68.0,428230
3,18,82.0,160000
3,5,67.0,757000
1,1,38.0,180000
3,3,55.0,627000
3,4,59.0,500000
2,11,70.0,350000
4,10,150.0,2000000
1,7,54.0,160000
3,4,65.0,500000
3,13,50.0,450000
2,5,78.0,477000
2,5,34.0,190000
3,4,56.0,460000
2,3,58.0,329000
1,4,44.0,230000
1,3,50.0,235000
3,12,93.0,515000
1,3,30.0,258000
1,1,37.0,285000
3,11,140.0,910000
3,1,80.0,400000
3,6,80.0,570000
2,1,62.0,214000
1,10,54.0,220000
5,3,92.0,600000
2,10,77.0,355000
1,3,26.0,190000
3,15,127.0,946200
3,4,86.0,600000
1,2,42.0,285000
3,2,68.0,488000
2,5,58.0,300000
2,11,50.0,400000
1,3,38.0,395500
2,12,57.0,390000
2,12,50.0,555000
2,2,78.0,500000
3,12,85.0,1725000
3,6,90.0,850000
1,10,48.0,225000
3,2,65.0,495000
2,16,67.0,390000
3,3,57.0,510000
3,1,70.0,500000
3,16,67.0,370000
3,2,57.0,408000
2,9,58.0,398500
3,5,65.0,630000
5,2,100.0,1100000
2,2,52.0,465000
2,4,48.0,400000
1,2,46.0,380000
2,4,43.0,420000
5,2,98.0,645000
2,7,45.0,370000
1,3,30.0,230000
1,2,38.0,350000
2,4,48.0,410000
1,5,50.0,340000
2,4,46.0,370000
2,15,50.0,512000
5,4,165.0,2100000
2,5,54.0,600000
1,4,50.0,275000
2,11,56.0,639000
1,4,29.0,230000
2,12,79.0,450000
3,1,54.0,620377
2,4,54.0,445000
1,6,45.0,426000
3,14,80.0,535000
2,2,56.0,456000
2,12,67.0,373000
2,4,50.0,300000
1,10,45.0,370000
3,9,90.0,700000
4,15,150.0,1133000
4,3,58.0,650000
2,7,74.0,820000
1,3,38.0,230000
2,8,73.0,1004000
1,16,58.0,279000
1,12,62.0,305000
3,9,90.0,741000
3,17,102.0,471000
1,15,50.0,373000
2,7,79.0,718200
3,12,98.0,1083000
3,15,188.0,900100
5,8,163.0,1023000
3,4,105.0,1596000
1,9,50.0,326000
2,1,45.0,235000
2,9,61.0,300000
3,6,93.0,845000
2,6,95.0,755800
5,1,85.0,660000
2,4,47.0,455000
3,3,145.0,1157100
2,3,53.0,543000
1,6,47.0,390000
2,11,76.0,700000
1,5,67.0,418000
1,14,70.0,356000
1,12,55.0,430700
2,3,53.0,400000
3,6,82.0,726000
4,3,82.0,550000
3,4,80.0,750000
1,4,59.0,160000
1,10,49.0,260000
2,10,60.0,480000
1,0,17.0,30000
2,4,56.0,479000
1,18,48.0,234000
5,1,50.0,580000
2,2,48.0,355000
2,4,48.0,420000
2,1,40.0,420000
4,6,89.0,460000
2,12,80.0,240000
2,2,40.0,310000
1,3,30.0,271000
3,12,97.0,960000
3,8,75.0,300000
2,3,52.0,515000
1,8,65.0,375000
1,5,30.0,240000
2,4,75.0,4100000
2,8,110.0,690000
2,19,130.0,673000
1,14,60.0,448000
3,8,210.0,2964000
3,4,120.0,1368000
3,7,102.0,740000
3,10,103.0,455500
3,2,58.0,499999
3,2,68.0,650000
3,11,84.0,530000
3,2,170.0,1028000
4,3,75.0,580000
4,5,106.0,539010
2,7,74.0,547000
4,9,90.0,680000
2,5,54.0,320000
1,3,40.0,290000
2,7,82.0,279000
2,4,46.0,230000
1,11,50.0,100000
2,7,50.0,399999
1,7,35.0,285000
3,3,75.0,590000
4,4,80.0,530000
3,16,110.0,570000
1,15,53.0,245000
3,2,61.0,690000
3,10,80.0,525000
1,4,45.0,300000
3,4,80.0,660000
1,13,63.0,195000
2,7,56.0,340000
3,6,80.0,498000
1,4,42.0,275000
3,4,57.0,480000
2,16,78.0,379000
2,10,84.0,435000
1,13,50.0,350000
2,8,46.0,440000
2,11,77.0,330000
1,1,40.0,116000
2,2,50.0,448000
2,5,50.0,400000
1,16,48.0,200000
5,4,80.0,770000
3,8,80.0,712000
3,13,105.0,699000
3,1,63.0,488000
2,4,38.0,180000
3,1,61.0,350000
2,3,45.0,290000
1,2,42.0,100000
4,4,90.0,575500
3,10,50.0,1695000
1,2,37.0,452000
2,3,63.0,350000
3,1,60.0,610000
2,10,50.0,372000
2,7,72.0,454000
2,4,88.0,1078250
2,2,58.0,472000
2,4,55.0,358000
2,4,45.0,300000
2,5,55.0,515000
4,4,80.0,558000
4,5,80.0,478000
4,5,80.0,574000
3,9,70.0,5200000
2,1,48.0,390000
4,9,160.0,1099999
3,8,75.0,520000
2,12,70.0,560000
2,5,54.0,380000
5,4,80.0,655000
2,9,96.0,1092500
3,12,80.0,705560
1,4,40.0,300000
3,12,92.0,419500
2,9,64.0,330000
1,3,30.0,318000
2,13,56.0,435000
1,7,28.0,385000
4,2,140.0,1026000
2,5,50.0,741000
2,2,53.0,479999
2,4,48.0,324000
1,7,58.0,272000
1,2,52.0,340000
3,3,51.0,532000
3,8,98.0,960000
3,3,50.0,541000
2,10,50.0,720000
2,16,76.0,323098
3,10,80.0,535800
3,7,50.0,672000
2,6,84.0,880000
2,5,76.0,625000
3,5,50.0,705000
3,16,50.0,565000
1,11,46.0,319200
1,6,50.0,450000
2,8,60.0,565000
2,4,54.0,520000
2,6,84.0,440000
1,9,50.0,300000
2,3,52.0,454000
1,0,50.0,380000
3,11,120.0,1350000
1,7,46.0,245000
2,2,45.0,400000
2,6,70.0,632000
2,7,65.0,625000
2,7,52.0,330000
4,9,103.0,780000
3,2,60.0,520000
2,13,65.0,365000
3,3,70.0,490200
2,3,48.0,329999
2,5,54.0,445000
3,1,142.0,1710000
4,14,186.0,1800000
3,10,73.0,590000
2,4,48.0,489000
6,15,176.0,1214400
6,14,170.0,1173000
3,1,60.0,420000
4,1,85.0,740000
1,2,41.0,270000
4,16,108.0,385000
5,11,128.0,853760
2,5,87.0,690000
2,16,71.0,500000
2,12,57.0,399999
5,7,177.0,1709000
3,3,74.0,550000
2,11,60.0,821000
2,7,63.0,600000
2,9,60.0,386000
2,1,50.0,650000
3,3,97.0,1024000
2,8,74.0,1017000
2,2,83.0,359900
3,4,84.0,683000
2,9,73.0,774000
2,13,59.0,600000
2,15,75.0,470000
2,9,60.0,661000
3,6,110.0,1083000
2,11,55.0,741000
1,1,45.0,370000
2,3,41.0,320000
1,4,26.0,260000
2,5,92.0,710980
2,4,84.0,730000
3,11,98.0,653660
3,16,95.0,655500
4,2,70.0,420000
2,8,79.0,599000
4,18,111.0,765900
3,16,105.0,724500
4,7,98.0,721280
6,16,198.0,1149980
3,18,101.0,696900
2,4,50.0,239000
3,10,90.0,660000
2,10,93.0,631010
2,17,91.0,627900
1,4,30.0,215000
4,5,146.0,1425000
2,9,55.0,225500
3,15,102.0,609960
3,2,50.0,1710000
2,5,72.0,350000
1,1,27.0,226000
6,16,174.0,1200600
3,2,50.0,630000
3,17,103.0,710700
3,10,99.0,671710
6,14,196.0,1205990
2,6,54.0,305005
2,2,64.0,570000
2,12,67.0,260000
2,18,90.0,621000
4,4,98.0,740000
3,6,119.0,678000
2,12,78.0,670000
3,10,98.0,840000
3,5,82.0,349000
3,1,68.0,540000
1,1,38.0,363000
2,2,60.0,350000
3,1,68.0,600000
3,10,153.0,1083000
3,5,71.0,399000
3,1,58.0,295000
1,14,50.0,235000
1,2,30.0,145000
2,1,47.0,210000
3,6,74.0,600000
2,1,51.0,395499
2,7,57.0,550000
3,15,142.0,750000
2,1,53.0,450000
1,9,58.0,340000
3,4,151.0,1083000
3,5,65.0,500000
2,2,60.0,499000
2,6,54.0,450000
2,7,61.0,500000
2,6,60.0,470000
3,5,85.0,905000
5,0,107.0,1200000
3,4,52.0,395000
3,1,77.0,565000
3,2,52.0,535800
3,3,70.0,460000
4,1,150.0,300000
3,9,82.0,620000
2,2,58.0,488000
1,1,30.0,235000
2,6,62.0,463000
2,6,72.0,750000
4,1,86.0,580000
5,1,75.0,670000
2,17,56.0,650000
1,3,37.0,310000
2,1,49.0,316400
4,3,155.0,1525500
3,2,84.0,750000
3,10,125.0,930800
1,10,37.0,168720
2,10,50.0,565000
2,1,39.0,395000
2,2,68.0,350000
1,6,62.0,450000
2,2,50.0,390000
2,0,61.0,225000
2,18,96.0,442000
1,16,54.0,320000
3,8,100.0,646800
2,15,102.0,624040
6,7,144.0,1059840
1,6,119.0,678000
2,9,65.0,335000
4,9,126.0,883890
6,10,131.0,888840
2,11,92.0,570000
1,3,46.0,280000
4,3,60.0,698640
2,2,50.0,375000
4,13,147.0,946680
6,4,235.0,1891750
2,4,65.0,523250
5,10,172.0,1176990
1,5,58.0,248600
1,4,26.0,260000
2,6,93.0,483000
2,14,89.0,614100
2,8,81.0,436000
2,12,87.0,491000
2,5,42.0,240000
4,2,126.0,1231650
5,8,140.0,1006320
3,5,117.0,663000
2,2,58.0,463300
2,10,81.0,400000
2,12,74.0,420000
2,2,57.0,395000
1,17,62.0,303000
4,2,128.0,1251200
2,3,50.0,310000
2,5,58.0,172000
5,5,75.0,304000
2,9,50.0,400000
2,7,77.0,330000
6,4,186.0,1465310
2,3,90.0,724500
5,5,103.0,635000
1,2,39.0,265000
1,19,59.0,108000
3,8,75.0,690000
2,4,50.0,478000
3,7,97.0,1500000
2,1,53.0,340500
2,11,70.0,420000
2,15,67.0,350000
3,1,75.0,380000
3,1,70.0,220000
1,8,41.0,140000
2,11,102.0,630000
1,3,29.0,276278
1,9,45.0,350000
3,2,70.0,550000
5,4,98.0,508000
1,3,38.0,326000
1,2,35.0,320000
3,12,106.0,534000
2,11,60.0,470000
6,17,172.0,1186800
2,5,95.0,780000
6,16,166.0,1145400
2,6,80.0,685000
2,15,95.0,541500
1,5,50.0,140000
4,9,120.0,650000
2,14,82.0,260000
3,9,86.0,780000
1,5,64.0,265000
2,9,80.0,630000
1,15,45.0,280000
3,5,86.0,646900
2,2,91.0,400000
1,8,44.0,357000
2,17,56.0,396000
1,2,32.0,230000
2,7,59.0,230000
2,10,45.0,336600
3,10,95.0,640000
1,13,59.0,405500
3,9,90.0,755000
4,9,92.0,598900
1,6,30.0,248000
2,7,70.0,610000
2,1,48.0,363000
1,13,51.0,340500
4,1,80.0,592800
3,11,113.0,620000
3,5,80.0,340000
4,1,87.0,955000
2,5,48.0,370500
3,14,93.0,450000
2,11,78.0,532000
2,9,50.0,550000
2,14,71.0,300000
3,11,132.0,425000
2,2,53.0,240000
1,2,33.0,330000
1,2,32.0,290000
2,5,63.0,485000
1,2,53.0,320000
1,3,41.0,200000
2,9,66.0,220000
1,11,48.0,205000
4,1,110.0,964750
2,2,37.0,402500
1,4,53.0,195000
1,9,44.0,320000
5,4,63.0,590000
2,4,50.0,315000
2,5,64.0,380000
3,12,144.0,935640
2,3,47.0,434000
2,6,77.0,380000
4,3,65.0,630000
2,17,60.0,399000
5,11,128.0,853760
1,7,53.0,175000
2,4,76.0,577000
4,4,115.0,1368000
1,16,52.0,420000
3,6,117.0,750000
1,5,41.0,310000
2,11,50.0,290000
2,1,66.0,328000
1,1,49.0,244000
2,2,50.0,400000
1,7,50.0,423000
2,3,48.0,451555
5,13,141.0,908040
1,7,57.0,419520
3,17,104.0,586040
4,14,169.0,1166100
6,15,237.0,1635300
3,17,93.0,641700
2,14,65.0,320000
3,5,60.0,560000
4,5,65.0,618640
2,5,46.0,320000
1,16,45.0,429000
3,9,64.0,200000
2,5,76.0,587000
2,7,47.0,420000
2,6,56.0,435000
2,16,67.0,224000
2,5,42.0,420000
6,17,164.0,1131600
3,14,99.0,683100
3,3,60.0,209000
3,9,72.0,326000
1,11,48.0,217000
2,15,88.0,607200
2,15,46.0,587600
2,10,76.0,801000
1,12,61.0,386000
1,11,50.0,226000
3,5,89.0,454000
4,4,108.0,720000
1,13,59.0,160000
3,8,112.0,1150000
2,6,50.0,544800
1,11,37.0,380000
3,12,135.0,612900
3,4,48.0,338000
2,1,42.0,260000
2,11,96.0,600000
2,2,56.0,320000
3,7,94.0,702650
5,16,178.0,1033820
1,16,54.0,329130
6,10,192.0,1313848
2,2,60.0,500000
1,2,26.0,260000
2,1,48.0,360000
1,4,27.0,240000
5,4,100.0,850000
1,5,33.0,175000
2,5,54.0,545000
3,12,95.0,885000
2,3,52.0,510000
4,3,65.0,515000
4,16,165.0,1138500
1,11,62.0,295000
2,9,68.0,817000
4,2,85.0,776000
1,2,40.0,250000
2,5,48.0,180000
3,8,106.0,667000
2,4,47.0,550000
2,8,71.0,520000
1,14,53.0,165000
2,4,50.0,360000
4,3,90.0,890500
3,5,66.0,490000
1,10,47.0,535000
1,5,40.0,255000
3,2,80.0,975000
4,1,74.0,650000
4,17,277.0,1200000
2,13,70.0,570000
4,3,70.0,675000
3,5,74.0,485000
3,8,100.0,768500
3,2,97.0,925000
3,4,60.0,420000
2,10,50.0,587600
4,3,65.0,600000
2,3,68.0,620000
1,3,55.0,280000
1,6,44.0,189000
2,3,53.0,410000
1,1,28.0,155000
3,4,64.0,510000
1,1,50.0,310000
2,3,65.0,771120
2,8,45.0,396000
1,3,25.0,300000
2,10,64.0,179000
2,3,89.0,426000
1,18,55.0,120000
3,4,72.0,489999
4,2,60.0,600000
4,2,70.0,510000
2,11,77.0,320000
2,4,50.0,340000
2,7,60.0,310000
2,6,67.0,450000
2,11,101.0,649000
3,1,60.0,600000
1,13,46.0,499999
3,4,94.0,1044200
3,1,70.0,650000
2,4,62.0,380000
1,3,32.0,250000
3,5,99.0,690000
3,6,53.0,280000
3,4,53.0,490000
3,1,70.0,460000
1,1,40.0,300000
2,8,46.0,399000
2,4,47.0,350000
2,13,50.0,480000
3,4,65.0,450000
1,1,30.0,235000
2,5,66.0,547000
2,12,98.0,430000
6,10,146.0,990610
4,9,106.0,743590
6,17,233.0,1607700
3,10,77.0,433000
1,6,65.0,380000
5,16,238.0,1642200
3,12,114.0,740720
1,6,40.0,390000
2,4,56.0,259900
2,12,54.0,531100
1,17,62.0,369330
2,12,57.0,299800
6,11,270.0,1670000
6,18,231.0,1593900
3,4,78.0,795000
1,15,61.0,381620
3,9,126.0,883890
5,7,154.0,1152920
3,1,53.0,478000
2,6,65.0,630000
3,4,80.0,644000
3,14,116.0,713690
3,11,100.0,912000
4,17,163.0,1124700
2,1,45.0,300000
4,11,148.0,786235
1,13,60.0,542400
3,9,88.0,731987
2,17,65.0,310000
3,15,97.0,669300
1,14,53.0,339490
2,2,48.0,400000
2,16,87.0,600300
2,10,79.0,536010
1,8,53.0,350000
1,9,41.0,186960
2,1,52.0,320000
4,10,112.0,766420
4,2,70.0,700000
1,6,32.0,145000
2,3,59.0,407000
3,0,100.0,590000
5,4,100.0,750000
3,5,76.0,755000
2,9,56.0,300000
4,15,157.0,1083300
6,16,225.0,1552500
5,16,213.0,1469700
5,3,120.0,966000
2,14,84.0,579600
2,3,50.0,495000
2,4,76.0,599570
2,13,100.0,644000
6,17,184.0,1036840
6,3,140.0,1127000
2,2,48.0,490000
2,0,56.0,135000
1,8,51.0,320000
1,5,61.0,282000
2,0,56.0,135000
2,2,49.0,251370
4,4,87.0,730000
2,0,56.0,135000
5,17,233.0,1607700
3,2,65.0,635000
4,13,121.0,779240
6,4,195.0,1569750
2,3,93.0,699000
3,10,103.0,697000
6,7,143.0,1052480
1,4,32.0,165000
5,4,110.0,855500
2,4,89.0,930000
4,11,130.0,1200000
1,12,67.0,449200
2,10,82.0,567690
2,9,66.0,462990
2,7,64.0,620000
6,16,164.0,1131600
1,3,46.0,430000
2,5,55.0,200000
4,5,85.0,718000
3,2,54.0,400000
1,4,23.0,240000
3,4,60.0,480000
3,3,54.0,524400
2,12,63.0,365000
2,12,75.0,650000
3,6,50.0,965000
1,8,50.0,480000
2,9,76.0,620000
3,5,84.0,630000
2,1,40.0,215000
1,2,72.0,200000
4,3,65.0,740000
3,5,78.0,580000
2,14,50.0,400000
1,7,67.0,348080
5,5,174.0,1220000
3,3,57.0,250000
2,8,72.0,530000
2,18,56.0,678000
2,14,51.0,377900
3,6,80.0,450000
5,1,72.0,687000
2,1,52.0,420000
2,13,76.0,475000
5,5,100.0,580000
3,1,65.0,734100
4,10,50.0,627000
3,3,77.0,695000
3,9,96.0,800000
3,4,44.0,327700
1,1,35.0,165000
2,1,38.0,285000
2,1,31.0,190000
3,1,63.0,325000
2,4,55.0,520000
3,2,250.0,200005
6,10,161.0,1092390
1,3,36.0,363200
1,7,52.0,230000
3,3,80.0,590000
5,7,124.0,912640
3,3,70.0,600000
2,17,65.0,300000
2,2,58.0,363000
2,1,60.0,395000
2,9,70.0,504000
2,2,52.0,444600
2,9,42.0,370000
6,7,128.0,942080
3,4,49.0,508500
2,10,67.0,400000
4,16,220.0,1310000
3,11,78.0,501000
3,9,88.0,735000
1,5,41.0,317790
3,4,75.0,455000
6,14,168.0,1159200
6,18,162.0,1117800
3,2,120.0,1212100
3,2,64.0,650000
2,12,84.0,554480
4,16,118.0,685340
2,6,82.0,796000
4,8,140.0,1006320
5,6,138.0,1039560
5,18,228.0,1573200
5,15,218.0,1504200
1,13,62.0,535000
3,8,110.0,790630
4,10,133.0,1525000
6,15,182.0,1088360
6,14,229.0,1580100
6,14,220.0,1518000
4,14,159.0,1097100
2,3,49.0,175000
6,12,194.0,1260610
5,5,152.0,1171160
3,8,80.0,680000
2,2,48.0,370000
2,9,50.0,430000
2,4,49.0,480000
5,14,223.0,1538700
4,2,123.0,1202320
2,3,52.0,475000
2,6,50.0,452000
2,2,48.0,210000
2,3,50.0,230000
1,5,52.0,154000
4,3,77.0,734000
4,1,84.0,540000
3,12,80.0,619000
3,9,118.0,1634400
3,8,50.0,510000
1,2,42.0,270000
2,12,80.0,735000
3,6,85.0,917000
5,4,90.0,738000
4,18,161.0,1110900
2,16,80.0,415000
3,10,142.0,971630
6,13,150.0,948750
4,4,95.0,764750
4,2,90.0,1200000
3,10,100.0,899000
2,11,41.0,130000
3,7,95.0,950000
2,18,85.0,586500
1,17,42.0,105000
5,14,146.0,898260
6,4,210.0,1690500
1,2,25.0,250000
2,1,200.0,260000
3,4,90.0,650000
5,4,166.0,1307740
1,5,42.0,230000
3,2,77.0,680000
3,4,67.0,565000
6,15,166.0,1145000
2,4,62.0,380000
5,16,148.0,859510
2,9,48.0,364800
3,16,143.0,670000
6,11,178.0,1187260
1,13,60.0,393300
4,1,100.0,920000
6,17,154.0,867790
5,2,122.0,1192550
4,4,90.0,677000
4,1,85.0,529000
1,3,26.0,250000
5,2,100.0,646000
1,5,43.0,250000
4,1,65.0,700000
3,1,68.0,600000
1,1,50.0,220000
3,13,90.0,870000
1,2,32.0,180000
2,4,50.0,295000
4,8,100.0,630000
3,4,62.0,450000
1,9,37.0,230000
2,7,50.0,345000
1,10,57.0,357390
1,9,61.0,325000
5,3,50.0,750000
3,5,144.0,1215000
2,7,63.0,734500
4,3,75.0,590000
2,1,52.0,355000
3,7,124.0,720000
2,18,65.0,535000
2,9,60.0,400000
2,9,83.0,580000
1,4,30.0,250000
3,8,50.0,398000
2,5,52.0,410000
2,14,58.0,430000
2,0,52.0,250000
5,3,77.0,650000
2,13,52.0,600000
2,4,47.0,470000
1,13,44.0,135000
2,9,60.0,478000
4,2,95.0,635000
3,4,67.0,520000
2,2,64.0,587692
2,4,40.0,165000
1,15,46.0,290000
3,4,54.0,510000
4,3,80.0,665000
2,12,78.0,883000
2,6,65.0,482000
3,2,50.0,1021500
3,3,80.0,670000
3,6,68.0,550000
3,13,92.0,910400
2,4,57.0,690000
4,2,70.0,977000
2,7,53.0,195000
3,1,150.0,158900
2,10,60.0,320000
1,3,30.0,105000
6,15,152.0,908960
2,9,96.0,680480
3,7,70.0,520000
2,2,54.0,399000
3,7,110.0,690000
2,12,38.0,228000
3,1,59.0,800000
3,14,146.0,898270
3,1,90.0,725000
2,6,50.0,420000
2,7,60.0,317000
2,16,101.0,520000
1,7,42.0,312990
2,16,118.0,702930
2,12,52.0,290000
6,15,227.0,1566300
2,11,98.0,664930
3,13,122.0,785680
6,15,218.0,1504200
1,4,26.0,240000
3,1,53.0,400000
1,6,32.0,145000
3,5,79.0,540000
1,9,48.0,218880
1,8,41.0,186960
4,3,65.0,570000
1,3,50.0,212000
3,3,63.0,590000
2,19,79.0,405000
2,4,51.0,350000
2,1,38.0,330000
1,19,67.0,343000
1,17,47.0,279980
3,5,50.0,820000
6,16,168.0,1159200
4,6,108.0,813560
1,8,58.0,300000
6,10,162.0,1108480
4,2,80.0,560000
2,3,57.0,465000
4,6,138.0,1039550
1,10,68.0,461380
2,17,86.0,593400
1,4,43.0,320000
1,10,66.0,462230
1,3,40.0,322000
2,14,73.0,399000
3,13,133.0,1280000
3,1,124.0,782000
2,4,50.0,350000
1,4,30.0,255000
2,3,42.0,295000
3,10,65.0,735000
4,6,100.0,580000
3,5,50.0,650000
1,1,50.0,375000
2,4,46.0,335000
2,4,60.0,599000
2,1,54.0,382000
2,4,55.0,395000
2,1,48.0,400000
3,8,50.0,750000
1,2,51.0,225000
2,8,54.0,650000
2,5,94.0,700000
2,2,44.0,360000
2,4,55.0,490000
2,3,52.0,300000
2,4,63.0,388000
3,6,104.0,730000
2,2,38.0,343000
3,2,65.0,547200
3,9,57.0,520000
2,3,44.0,396000
2,4,58.0,340000
2,4,38.0,310000
2,1,37.0,285000
1,10,57.0,251000
2,2,51.0,215000
2,1,39.0,350000
3,4,96.0,395500
2,9,60.0,260000
1,9,67.0,300000
1,6,36.0,300000
1,5,42.0,190000
3,7,97.0,420000
2,10,50.0,250000
2,4,54.0,387000
2,20,64.0,200000
3,6,58.0,700000
2,8,57.0,440000
2,4,47.0,420000
5,3,102.0,890000
1,3,33.0,230000
2,2,48.0,265000
4,4,66.0,525000
4,4,80.0,527800
3,4,80.0,750000
4,3,100.0,889200
3,1,77.0,565000
2,2,50.0,285000
3,10,153.0,910000
2,14,72.0,380000
3,7,85.0,695000
3,3,70.0,390000
2,5,54.0,351000
1,16,53.0,160000
2,12,61.0,420000
3,4,47.0,330000
2,9,72.0,290000
4,3,58.0,650000
1,17,54.0,150000
3,11,109.0,550000
3,3,110.0,1250000
2,5,80.0,460000
2,4,63.0,640000
2,3,42.0,295000
3,7,103.0,450000
2,2,50.0,160000
3,13,50.0,950000
4,1,75.0,240000
4,1,83.0,786600
1,4,26.0,240000
3,4,66.0,490000
1,3,38.0,305000
1,1,43.0,260000
3,1,53.0,450000
2,4,52.0,145000
1,1,27.0,151000
1,5,40.0,165000
4,5,110.0,638000
5,4,116.0,870000
1,5,36.0,270000
2,15,60.0,429000
2,12,60.0,380000
2,4,100.0,780000
2,7,50.0,399995
2,5,50.0,350000
2,2,56.0,431500
3,4,65.0,524400
3,8,106.0,1140000
2,5,105.0,1000000
2,5,50.0,1000000
3,2,50.0,310000
3,1,25.0,380000
4,2,100.0,650000
3,8,80.0,570000
2,12,81.0,900000
2,1,45.0,433000
4,2,73.0,625000
2,2,50.0,450000
2,5,69.0,385000
2,6,82.0,645000
1,11,50.0,220000
2,9,93.0,960000
3,8,64.0,620000
1,16,44.0,120000
1,2,37.0,245000
3,1,70.0,500000
3,10,105.0,1072550
3,9,96.0,750000
2,5,64.0,250000
3,4,70.0,470000
1,4,60.0,410000
4,15,92.0,460000
3,6,138.0,1039490
5,17,208.0,1435200
2,3,42.0,290000
1,5,50.0,455000
3,2,78.0,751080
2,6,63.0,580000
2,10,90.0,529000
6,7,239.0,1759040
2,3,74.0,480000
3,14,112.0,720000
4,1,65.0,600000
3,8,140.0,1038450
2,10,58.0,283257
3,4,60.0,570000
3,14,112.0,750000
1,6,41.0,220000
1,10,53.0,350000
3,9,75.0,578000
2,4,48.0,425000
4,7,104.0,765440
2,2,78.0,510000
4,3,134.0,2000000
2,8,67.0,595000
4,8,70.0,701840
4,4,106.0,835070
1,3,30.0,230000
6,9,176.0,1214400
2,8,110.0,796950
2,4,78.0,761000
1,3,30.0,240000
6,17,223.0,1538700
3,2,50.0,670000
2,4,62.0,460000
1,10,59.0,400310
2,8,75.0,570000
5,5,122.0,940010
2,3,54.0,513000
6,17,214.0,1476600
6,12,164.0,1065670
2,3,48.0,245000
1,5,56.0,434060
6,17,134.0,755090
1,4,54.0,470000
2,17,74.0,416990
3,5,98.0,678000
2,16,88.0,524210
4,7,50.0,889000
2,13,65.0,300000
2,1,49.0,400000
2,15,65.0,340000
2,13,70.0,450800
5,12,144.0,935706
1,1,52.0,380000
4,5,102.0,785910
2,14,72.0,550000
2,12,76.0,866000
1,5,65.0,699000
6,18,160.0,1104000
2,2,50.0,385000
6,5,172.0,1186800
3,3,120.0,966000
4,16,155.0,1069500
1,10,41.0,191634
2,6,61.0,465000
3,14,149.0,1028100
2,1,37.0,372000
4,2,74.0,743000
3,2,57.0,531000
2,6,68.0,440000
4,4,102.0,400000
1,7,43.0,350000
2,5,67.0,475000
3,11,72.0,600000
1,6,32.0,145000
4,1,90.0,300000
3,12,120.0,855000
2,9,56.0,736000
3,1,70.0,450000
1,4,66.0,449000
3,13,90.0,1000000
2,6,84.0,450000
2,7,50.0,379900
3,16,100.0,540000
2,10,60.0,470000
2,0,65.0,250000
2,13,65.0,440000
2,7,80.0,850000
2,0,50.0,350000
1,5,40.0,218000
3,3,108.0,8814000
2,4,123.0,971208
2,9,90.0,659880
2,18,68.0,750000
3,13,50.0,954600
3,5,130.0,8814000
3,4,100.0,1465100
2,6,68.0,619850
3,6,140.0,1521470
2,7,92.0,587710
3,10,50.0,492480
3,5,147.0,2260000
2,11,112.0,1582000
1,6,60.0,362520
4,3,94.0,460000
3,4,107.0,672000
2,2,55.0,425000
2,6,63.0,230000
4,6,100.0,830000
4,4,100.0,876260
2,12,57.0,290000
2,2,62.0,442000
2,5,50.0,451920
2,6,53.0,185000
3,2,107.0,295000
1,12,35.0,145000
3,3,114.0,670000
4,2,100.0,270000
2,9,50.0,570000
1,1,49.0,350000
1,4,51.0,350000
2,11,68.0,461380
1,17,41.0,130000
2,11,79.0,490000
2,12,50.0,837500
2,15,83.0,572700
4,7,124.0,912640
2,8,77.0,339000
4,2,70.0,650000
2,3,71.0,830000
1,3,29.0,280000
3,6,75.0,560000
1,3,55.0,442750
2,13,97.0,624680
6,4,185.0,1489250
2,5,114.0,490000
2,9,71.0,350000
2,5,77.0,441180
3,7,80.0,540000
2,6,102.0,450000
2,12,76.0,343000
2,7,65.0,272000
2,4,37.0,398000
6,17,162.0,1117800
3,13,101.0,678720
2,6,80.0,510000
5,18,203.0,1400700
2,4,55.0,288000
4,1,84.0,550000
6,7,204.0,1591200
2,1,66.0,400000
2,9,46.0,420000
2,6,50.0,195000
2,16,50.0,320000
1,4,60.0,340500
2,11,91.0,560000
6,16,216.0,1490400
2,10,41.0,400000
1,11,74.0,460000
5,12,174.0,1130650
2,1,34.0,273000
2,5,70.0,508500
5,10,127.0,869060
3,4,50.0,792262
2,16,82.0,565800
1,7,42.0,330000
2,1,45.0,365000
2,16,103.0,613570
6,9,158.0,1090200
1,14,68.0,435570
3,6,96.0,673440
4,17,153.0,1055700
1,15,46.0,287780
3,15,147.0,1014300
1,13,59.0,379960
6,9,360.0,4068000
2,9,58.0,380000
3,2,52.0,440000
1,5,85.0,630000
5,3,76.0,650000
1,4,26.0,240000
2,1,44.0,210000
2,2,48.0,260000
5,3,81.0,736000
2,6,50.0,400000
4,4,90.0,650000
2,2,107.0,295000
2,14,70.0,290000
3,8,70.0,624000
3,12,85.0,480000
2,12,40.0,160000
3,7,52.0,190000
2,5,77.0,685000
4,6,145.0,1653000
3,3,58.0,535000
2,11,60.0,798000
3,4,64.0,400000
2,4,66.0,450000
4,6,50.0,860000
3,1,70.0,605000
2,10,51.0,328000
1,16,51.0,300000
2,3,53.0,210000
3,2,120.0,1349000
1,14,59.0,130000
2,2,56.0,485000
3,3,54.0,615000
4,4,63.0,530000
2,11,50.0,350000
1,10,53.0,215000
1,11,48.0,200000
5,2,78.0,881400
2,2,53.0,480000
3,5,108.0,900000
1,11,55.0,270000
2,1,60.0,383000
4,9,76.0,600000
5,11,143.0,953810
6,7,184.0,1435200
2,15,50.0,460000
3,17,119.0,670560
2,8,80.0,579600
1,8,49.0,341500
6,18,221.0,1524900
1,16,69.0,421340
1,8,53.0,225663
6,18,212.0,1462800
3,7,124.0,912640
3,4,106.0,835015
5,5,100.0,600000
1,3,63.0,503120
1,5,41.0,300000
4,17,134.0,755090
1,13,45.0,294980
2,2,40.0,390000
6,4,167.0,2000000
5,15,112.0,669760
2,5,98.0,855000
1,8,58.0,300000
1,4,36.0,155000
2,8,68.0,349000
1,2,34.0,250000
1,1,26.0,170000
4,3,120.0,966000
2,9,55.0,454000
3,9,80.0,799999
2,7,86.0,650000
1,3,52.0,345000
3,4,62.0,520000
2,9,50.0,390000
2,13,50.0,763600
4,12,144.0,935710
3,2,87.0,545000
2,1,50.0,400000
2,10,55.0,310000
2,2,78.0,440000
3,11,98.0,590000
2,4,38.0,280000
2,1,41.0,400000
2,1,64.0,310000
2,15,96.0,980000
1,17,53.0,228562
3,9,76.0,567000
2,2,78.0,720000
2,2,65.0,509512
2,8,65.0,327476
1,12,50.0,263000
3,3,103.0,464324
4,5,122.0,940010
4,1,74.0,621500
2,3,50.0,400000
3,11,128.0,790000
3,3,75.0,410000
6,7,177.0,1359360
1,10,51.0,357180
3,4,90.0,640000
3,1,62.0,637000
4,5,67.0,600000
1,6,46.0,210000
2,2,65.0,485000
3,0,78.0,350000
2,4,50.0,400000
3,19,135.0,800000
3,3,75.0,600000
1,4,42.0,320000
2,5,60.0,340000
3,4,65.0,524000
2,2,68.0,455000
3,4,50.0,450000
5,1,100.0,760000
3,8,83.0,800000
1,3,51.0,405000
2,10,62.0,587600
3,10,50.0,627550
5,4,100.0,650000
2,6,52.0,395000
2,8,74.0,435000
3,9,100.0,599000
2,9,76.0,640000
4,2,100.0,950000
2,2,54.0,410000
3,3,85.0,580000
3,1,53.0,590000
2,11,77.0,437000
2,4,46.0,466000
3,1,65.0,400000
3,2,75.0,590600
1,1,43.0,260000
1,5,51.0,361600
4,3,72.0,680000
4,7,120.0,852000
1,6,62.0,400000
2,15,55.0,500000
2,15,78.0,489060
1,9,62.0,475000
2,4,44.0,340000
3,3,63.0,600000
3,2,70.0,660000
6,18,150.0,872100
2,2,77.0,470000
3,9,141.0,989110
1,1,50.0,260000
3,2,90.0,700000
3,5,122.0,940010
6,17,199.0,1309850
2,7,64.0,473980
4,3,100.0,805000
6,15,156.0,1076400
6,4,155.0,1302000
4,18,151.0,1041900
2,13,81.0,544320
2,8,64.0,470000
3,15,84.0,470000
2,17,81.0,558900
3,16,145.0,1000500
4,13,130.0,822250
5,14,198.0,1366200
2,4,106.0,836230
4,15,132.0,789360
2,5,60.0,452000
4,6,75.0,650000
4,14,146.0,898340
1,9,43.0,307580
1,8,43.0,310360
4,4,117.0,1140000
6,8,190.0,1365720
2,5,57.0,400000
1,6,73.0,420000
3,4,50.0,340000
2,6,40.0,370000
3,14,50.0,471000
6,7,159.0,1170240
3,9,120.0,1450000
2,4,50.0,280000
4,1,90.0,795000
3,8,92.0,750000
3,5,110.0,970000
3,2,60.0,570000
4,13,115.0,727380
4,2,150.0,1650000
6,10,197.0,1499000
3,12,99.0,643250
2,4,61.0,481230
1,3,28.0,225000
2,6,78.0,590230
1,13,54.0,342000
2,9,44.0,365000
4,19,144.0,660000
3,2,131.0,1247380
3,8,110.0,999000
6,14,219.0,1511100
1,2,34.0,165000
2,4,50.0,433200
6,5,187.0,1440840
6,14,210.0,1449000
5,13,160.0,1012000
3,4,44.0,421800
3,4,54.0,478800
3,15,117.0,699660
4,4,140.0,1106000
4,2,87.0,630000
4,1,105.0,1250000
2,10,63.0,558000
2,7,55.0,345000
3,11,82.0,220000
2,9,75.0,300000
4,10,121.0,1420000
3,1,90.0,600000
1,8,68.0,389000
4,4,68.0,600000
1,13,44.0,150000
3,11,119.0,634800
2,2,41.0,385000
2,3,60.0,350000
1,6,40.0,280000
4,1,80.0,590000
2,7,81.0,628800
2,4,38.0,365000
2,3,55.0,420000
3,4,75.0,537000
4,13,50.0,1500000
3,11,82.0,220000
2,5,51.0,450000
4,4,85.0,590000
2,3,40.0,390000
2,2,68.0,432065
2,3,36.0,390000
2,1,50.0,380000
1,14,53.0,300000
2,10,77.0,470000
2,9,84.0,550000
2,14,78.0,370000
4,6,86.0,550000
2,7,54.0,330000
1,4,42.0,240000
2,13,46.0,300000
2,1,51.0,315000
3,5,64.0,550000
2,14,81.0,530874
3,5,92.0,708860
1,12,66.0,524000
2,14,69.0,452226
2,4,91.0,600000
2,3,42.0,400000
5,11,142.0,971710
2,13,59.0,152300
3,2,130.0,1300070
6,14,166.0,1021400
2,1,44.0,470000
2,3,41.0,280000
5,11,158.0,1053860
6,7,197.0,1512960
2,3,35.0,270000
3,10,106.0,677000
3,1,57.0,330000
2,3,55.0,480000
2,3,50.0,495000
1,11,67.0,420000
2,2,48.0,200000
1,5,30.0,250000
3,12,110.0,375000
3,7,67.0,590000
5,15,193.0,1331700
3,5,130.0,1520000
2,7,50.0,380000
2,5,57.0,430000
2,6,45.0,310000
2,2,47.0,220000
2,2,52.0,445000
2,2,40.0,230000
1,4,40.0,310000
3,12,80.0,598000
2,11,103.0,640000
3,11,95.0,427500
4,4,67.0,595000
2,12,67.0,395000
3,17,134.0,755090
2,9,44.0,330000
3,4,58.0,600000
2,4,60.0,360000
3,4,65.0,450000
3,2,50.0,312000
3,9,77.0,543000
2,19,80.0,175000
2,3,57.0,432000
3,14,180.0,1356000
1,14,50.0,1300000
2,2,48.0,510000
2,13,60.0,300000
2,4,50.0,340000
3,15,103.0,912000
3,11,102.0,348840
1,1,48.0,390000
2,14,55.0,500000
1,12,41.0,320000
2,10,80.0,908000
2,3,48.0,378000
1,11,44.0,420000
2,15,86.0,364000
4,4,80.0,573000
1,7,41.0,182000
3,1,57.0,370000
4,5,68.0,620000
2,13,120.0,1200000
2,6,47.0,350000
1,15,52.0,340000
3,9,111.0,778670
2,4,67.0,450000
1,8,65.0,474660
3,3,70.0,508600
2,10,44.0,305000
3,5,68.0,511000
1,6,64.0,486500
4,12,114.0,740770
3,15,132.0,789360
5,17,183.0,1084820
3,2,110.0,1152000
4,2,135.0,1253860
1,6,48.0,220000
3,2,50.0,200000
2,10,103.0,750000
2,5,38.0,364000
2,2,48.0,220000
3,4,60.0,450000
5,3,85.0,568000
1,1,48.0,246000
3,1,70.0,545000
2,7,47.0,430540
3,1,71.0,560000
2,17,95.0,485000
2,9,50.0,360000
2,2,50.0,220000
4,3,69.0,705000
2,3,51.0,370000
1,12,112.0,508000
1,7,40.0,296000
2,2,52.0,233000
1,7,40.0,290000
2,4,45.0,342000
5,16,188.0,1130890
2,8,65.0,450000
3,8,107.0,460000
2,2,52.0,235000
1,14,50.0,310000
3,9,80.0,420000
2,3,53.0,340000
1,3,30.0,202000
1,12,50.0,285000
3,14,131.0,805980
4,10,118.0,1017000
1,5,33.0,170000
1,13,52.0,246000
2,15,64.0,370000
1,5,40.0,203500
2,3,54.0,380000
1,3,24.0,210000
2,8,62.0,3600000
2,4,50.0,400000
3,8,100.0,624000
1,4,25.0,230000
2,14,61.0,240000
3,8,106.0,460000
1,2,107.0,295000
2,2,107.0,295000
1,1,26.0,129000
1,11,46.0,356000
1,8,49.0,360000
2,1,50.0,220000
2,5,51.0,250750
2,12,75.0,325000
2,8,102.0,1073500
4,13,160.0,1135000
2,9,73.0,730000
1,11,61.0,285000
2,2,107.0,295000
3,4,83.0,440000
1,4,26.0,293600
4,2,65.0,650000
2,1,39.0,260000
2,13,53.0,635000
2,6,50.0,215000
2,8,74.0,570000
2,2,37.0,296000
5,3,124.0,910780
2,0,52.0,230000
2,3,63.0,339000
1,3,34.0,260000
3,13,114.0,684000
2,0,54.0,350000
2,8,73.0,650000
2,8,73.0,650000
2,2,40.0,250000
2,7,53.0,384000
2,2,55.0,426000
1,6,45.0,455000
5,4,95.0,750000
4,4,70.0,540000
3,14,109.0,739020
1,2,79.0,349693
2,7,50.0,399000
3,2,64.0,500000
2,6,50.0,161000
2,7,60.0,390000
3,11,64.0,460000
2,7,48.0,450000
2,7,52.0,185000
4,3,84.0,700000
3,0,70.0,450000
3,9,80.0,800000
2,11,85.0,410000
1,5,53.0,190000
2,6,54.0,330000
3,5,277.0,2100000
3,7,50.0,330000
1,10,50.0,200000
1,6,35.0,135000
3,5,110.0,990000
1,12,42.0,380000
1,15,44.0,450000
2,2,61.0,500000
1,10,55.0,580000
2,4,45.0,335000
2,2,53.0,230000
3,5,70.0,454000
2,3,42.0,480000
3,14,78.0,820100
1,6,20.0,110000
4,3,80.0,700000
3,9,84.0,610000
1,4,45.0,186800
3,6,74.0,430000
3,7,128.0,880000
2,2,65.0,475000
1,13,49.0,451682
3,5,70.0,268000
2,1,42.0,397000
3,6,85.0,308000
2,8,80.0,600000
3,5,88.0,850000
3,9,50.0,1824000
2,10,69.0,902400
3,9,137.0,1521450
1,13,68.0,300000
3,12,80.0,510000
1,10,60.0,350000
4,5,83.0,430000
4,3,70.0,600000
2,4,73.0,348991
3,6,90.0,450000
2,8,66.0,420000
2,6,65.0,899999
3,13,81.0,370000
3,4,70.0,592800
4,12,200.0,2260000
4,12,127.0,1532000
3,5,97.0,778000
3,9,80.0,837000
3,3,100.0,860000
4,2,148.0,820000
2,7,42.0,3700000
3,10,50.0,585000
4,4,90.0,540000
3,2,90.0,437000
2,13,80.0,508000
6,9,370.0,3070000
6,3,155.0,1247750
4,11,113.0,753710
1,6,41.0,315460
5,9,171.0,1199560
6,4,141.0,1110790
4,10,107.0,732150
2,12,80.0,420000
2,6,50.0,454000
2,9,66.0,590000
4,1,90.0,370000
6,10,247.0,1700000
2,4,69.0,430000
2,14,50.0,575000
2,16,90.0,440000
1,3,36.0,260000
2,6,69.0,440000
3,5,78.0,560000
2,1,43.0,380000
1,6,44.0,390000
2,10,45.0,145000
3,4,94.0,670000
3,6,103.0,760450
2,7,50.0,379999
1,1,16.0,114000
3,2,65.0,495000
3,2,72.0,635000
2,14,74.0,847500
3,4,108.0,735480
3,4,108.0,735480
2,9,96.0,600000
3,5,110.0,937900
1,2,34.0,355000
2,1,52.0,200000
3,12,107.0,599999
2,12,57.0,399999
3,7,120.0,1150000
1,15,41.0,480000
3,7,135.0,850000
2,5,64.0,390000
3,3,70.0,510000
1,19,41.0,100000
1,1,47.0,420000
2,6,78.0,520000
3,2,50.0,520000
2,13,70.0,450000
1,3,38.0,260000
4,10,127.0,869060
6,4,171.0,1347140
2,17,76.0,450530
2,3,50.0,680000
6,9,161.0,1129420
1,15,45.0,200000
2,16,70.0,513000
3,1,65.0,540000
3,8,104.0,460000
6,15,146.0,898780
1,11,55.0,300000
2,2,68.0,265000
2,1,50.0,265000
2,15,65.0,499400
1,15,54.0,334700
4,16,130.0,668000
4,3,80.0,621500
3,3,127.0,955000
2,12,99.0,653500
1,9,42.0,180000
6,14,148.0,927960
3,13,122.0,892000
2,3,48.0,365000
2,5,45.0,265000
2,10,64.0,624250
2,17,83.0,489000
2,14,77.0,310000
3,1,46.0,320000
2,4,45.0,430000
3,3,74.0,580000
3,2,91.0,678000
1,10,47.0,396564
2,7,73.0,615000
2,3,43.0,333000
2,11,92.0,570000
3,3,129.0,838240
2,3,50.0,350000
1,1,28.0,350000
3,4,76.0,830000
3,14,101.0,621400
4,9,118.0,980000
4,9,77.0,730000
2,6,78.0,457000
3,2,68.0,395000
2,1,68.0,550000
2,2,36.0,160000
1,1,40.0,160000
5,3,87.0,700000
2,6,37.0,282000
2,12,56.0,420000
3,3,73.0,570000
3,8,130.0,1200000
2,3,48.0,421000
2,20,68.0,185000
3,1,115.0,630000
4,12,50.0,2429000
3,5,79.0,553181
2,4,55.0,265000
1,2,42.0,250000
2,4,40.0,315000
2,3,37.0,250000
4,2,80.0,678000
2,3,37.0,385000
2,4,48.0,425000
2,9,45.0,280000
2,12,50.0,206000
1,7,36.0,164160
2,19,60.0,170000
3,1,75.0,520000
6,3,185.0,1489250
2,6,50.0,410000
3,9,50.0,600000
2,4,42.0,380000
4,9,85.0,550000
3,9,80.0,487000
2,4,50.0,350000
3,2,126.0,900000
3,1,66.0,620000
3,2,55.0,620000
3,2,80.0,720000
2,10,49.0,380000
1,7,50.0,368880
2,6,47.0,225400
3,11,115.0,710000
2,8,50.0,360878
4,4,80.0,235000
2,5,64.0,572000
3,10,156.0,1035000
1,8,46.0,320000
2,8,59.0,405000
3,8,97.0,665000
2,9,74.0,498000
1,7,61.0,490000
1,4,63.0,350000
4,1,100.0,260000
3,1,80.0,380000
2,13,120.0,1220400
4,3,121.0,700000
3,4,75.0,320000
2,12,78.0,730000
4,1,78.0,685000
2,6,58.0,350000
2,12,71.0,280800
3,5,79.0,530000
4,6,180.0,2052000
2,7,45.0,395000
1,7,41.0,203000
3,20,53.0,300000
1,14,55.0,380000
2,4,50.0,380000
3,3,50.0,456030
2,5,96.0,720000
6,14,181.0,1113690
3,13,145.0,917130
5,18,178.0,1034890
6,15,197.0,1178060
1,13,68.0,442460
3,7,109.0,802240
3,10,127.0,869000
5,5,167.0,1286740
3,11,143.0,953810
4,2,120.0,1214260
2,9,65.0,400000
4,16,125.0,600000
2,17,71.0,489900
1,9,51.0,361220
6,6,200.0,1500000
1,10,44.0,304650
